Command line invocation:
    <XCODE_APP>/Contents/Developer/usr/bin/xcodebuild build -project ios/QuakeSignal.xcodeproj -target QuakeSignal -configuration Debug -sdk iphonesimulator26.5 SYMROOT=<ARTIFACT_ROOT>/build/Products OBJROOT=<ARTIFACT_ROOT>/build/Intermediates SHARED_PRECOMPS_DIR=<ARTIFACT_ROOT>/build/PrecompiledHeaders MODULE_CACHE_DIR=<ARTIFACT_ROOT>/build/ModuleCache ASSETCATALOG_COMPILER_APPICON_NAME=AppIcon CODE_SIGNING_ALLOWED=NO

Build settings from command line:
    ASSETCATALOG_COMPILER_APPICON_NAME = AppIcon
    CODE_SIGNING_ALLOWED = NO
    MODULE_CACHE_DIR = <ARTIFACT_ROOT>/build/ModuleCache
    OBJROOT = <ARTIFACT_ROOT>/build/Intermediates
    SDKROOT = iphonesimulator26.5
    SHARED_PRECOMPS_DIR = <ARTIFACT_ROOT>/build/PrecompiledHeaders
    SYMROOT = <ARTIFACT_ROOT>/build/Products

ComputePackagePrebuildTargetDependencyGraph

Prepare packages

CreateBuildRequest

SendProjectDescription

CreateBuildOperation

ComputeTargetDependencyGraph
note: Building targets in dependency order
note: Target dependency graph (2 targets)
    Target 'QuakeSignal' in project 'QuakeSignal'
        ➜ Explicit dependency on target 'QuakeSignalWatch' in project 'QuakeSignal'
    Target 'QuakeSignalWatch' in project 'QuakeSignal' (no dependencies)

GatherProvisioningInputs

CreateBuildDescription

ExecuteExternalTool <XCODE_APP>/Contents/Developer/usr/bin/actool --print-asset-tag-combinations --output-format xml1 <SOURCE_ROOT>/ios/QuakeSignal/Assets.xcassets <SOURCE_ROOT>/ios/QuakeSignalWatch/Assets.xcassets

ExecuteExternalTool <XCODE_APP>/Contents/Developer/Toolchains/XcodeDefault.xctoolchain/usr/bin/clang -v -E -dM -isysroot <XCODE_APP>/Contents/Developer/Platforms/iPhoneSimulator.platform/Developer/SDKs/iPhoneSimulator26.5.sdk -x c -c /dev/null

ExecuteExternalTool <XCODE_APP>/Contents/Developer/usr/bin/actool --print-asset-tag-combinations --output-format xml1 <SOURCE_ROOT>/ios/QuakeSignal/Assets.xcassets

ExecuteExternalTool <XCODE_APP>/Contents/Developer/usr/bin/actool --version --output-format xml1

ExecuteExternalTool <XCODE_APP>/Contents/Developer/Toolchains/XcodeDefault.xctoolchain/usr/bin/swiftc --version

ExecuteExternalTool <XCODE_APP>/Contents/Developer/Toolchains/XcodeDefault.xctoolchain/usr/bin/ld -version_details

Build description signature: 4c655c400a61a524605e5f814bb8dfa6
Build description path: <ARTIFACT_ROOT>/build/Intermediates/XCBuildData/4c655c400a61a524605e5f814bb8dfa6.xcbuilddata
ClangStatCache <XCODE_APP>/Contents/Developer/Toolchains/XcodeDefault.xctoolchain/usr/bin/clang-stat-cache <XCODE_APP>/Contents/Developer/Platforms/iPhoneSimulator.platform/Developer/SDKs/iPhoneSimulator26.5.sdk <ARTIFACT_ROOT>/xcode-cache/26.6-17F113/Xcode/26.6-17F113/Xcode/SDKStatCaches.noindex/iphonesimulator26.5-23F81a-1f122a3c1253c0e3a2240b2508b6516f.sdkstatcache
    cd <SOURCE_ROOT>/ios/QuakeSignal.xcodeproj
    <XCODE_APP>/Contents/Developer/Toolchains/XcodeDefault.xctoolchain/usr/bin/clang-stat-cache <XCODE_APP>/Contents/Developer/Platforms/iPhoneSimulator.platform/Developer/SDKs/iPhoneSimulator26.5.sdk -o <ARTIFACT_ROOT>/xcode-cache/26.6-17F113/Xcode/26.6-17F113/Xcode/SDKStatCaches.noindex/iphonesimulator26.5-23F81a-1f122a3c1253c0e3a2240b2508b6516f.sdkstatcache

CreateBuildDirectory <ARTIFACT_ROOT>/build/Products
    cd <SOURCE_ROOT>/ios/QuakeSignal.xcodeproj
    builtin-create-build-directory <ARTIFACT_ROOT>/build/Products

CreateBuildDirectory <ARTIFACT_ROOT>/build/Intermediates
    cd <SOURCE_ROOT>/ios/QuakeSignal.xcodeproj
    builtin-create-build-directory <ARTIFACT_ROOT>/build/Intermediates

CreateBuildDirectory <ARTIFACT_ROOT>/build/Products/Debug-iphonesimulator
    cd <SOURCE_ROOT>/ios/QuakeSignal.xcodeproj
    builtin-create-build-directory <ARTIFACT_ROOT>/build/Products/Debug-iphonesimulator

CreateBuildDirectory <ARTIFACT_ROOT>/build/Intermediates/ExplicitPrecompiledModules
    cd <SOURCE_ROOT>/ios/QuakeSignal.xcodeproj
    builtin-create-build-directory <ARTIFACT_ROOT>/build/Intermediates/ExplicitPrecompiledModules

CreateBuildDirectory <ARTIFACT_ROOT>/build/Intermediates/SwiftExplicitPrecompiledModules
    cd <SOURCE_ROOT>/ios/QuakeSignal.xcodeproj
    builtin-create-build-directory <ARTIFACT_ROOT>/build/Intermediates/SwiftExplicitPrecompiledModules

WriteAuxiliaryFile <ARTIFACT_ROOT>/build/Intermediates/QuakeSignal.build/Debug-iphonesimulator/QuakeSignal-86f0c85b15f3a261bdebb043d52c5af3-VFS-iphonesimulator/all-product-headers.yaml
    cd <SOURCE_ROOT>/ios/QuakeSignal.xcodeproj
    write-file <ARTIFACT_ROOT>/build/Intermediates/QuakeSignal.build/Debug-iphonesimulator/QuakeSignal-86f0c85b15f3a261bdebb043d52c5af3-VFS-iphonesimulator/all-product-headers.yaml

CreateBuildDirectory <ARTIFACT_ROOT>/build/Intermediates/EagerLinkingTBDs/Debug-iphonesimulator
    cd <SOURCE_ROOT>/ios/QuakeSignal.xcodeproj
    builtin-create-build-directory <ARTIFACT_ROOT>/build/Intermediates/EagerLinkingTBDs/Debug-iphonesimulator

WriteAuxiliaryFile <ARTIFACT_ROOT>/build/Intermediates/QuakeSignal.build/Debug-iphonesimulator/QuakeSignal.build/QuakeSignal-all-target-headers.hmap (in target 'QuakeSignal' from project 'QuakeSignal')
    cd <SOURCE_ROOT>/ios
    write-file <ARTIFACT_ROOT>/build/Intermediates/QuakeSignal.build/Debug-iphonesimulator/QuakeSignal.build/QuakeSignal-all-target-headers.hmap

WriteAuxiliaryFile <ARTIFACT_ROOT>/build/Intermediates/QuakeSignal.build/Debug-iphonesimulator/QuakeSignal.build/QuakeSignal-all-non-framework-target-headers.hmap (in target 'QuakeSignal' from project 'QuakeSignal')
    cd <SOURCE_ROOT>/ios
    write-file <ARTIFACT_ROOT>/build/Intermediates/QuakeSignal.build/Debug-iphonesimulator/QuakeSignal.build/QuakeSignal-all-non-framework-target-headers.hmap

WriteAuxiliaryFile <ARTIFACT_ROOT>/build/Intermediates/QuakeSignal.build/Debug-iphonesimulator/QuakeSignal.build/QuakeSignal-own-target-headers.hmap (in target 'QuakeSignal' from project 'QuakeSignal')
    cd <SOURCE_ROOT>/ios
    write-file <ARTIFACT_ROOT>/build/Intermediates/QuakeSignal.build/Debug-iphonesimulator/QuakeSignal.build/QuakeSignal-own-target-headers.hmap

WriteAuxiliaryFile <ARTIFACT_ROOT>/build/Intermediates/QuakeSignal.build/Debug-iphonesimulator/QuakeSignal.build/QuakeSignal-project-headers.hmap (in target 'QuakeSignal' from project 'QuakeSignal')
    cd <SOURCE_ROOT>/ios
    write-file <ARTIFACT_ROOT>/build/Intermediates/QuakeSignal.build/Debug-iphonesimulator/QuakeSignal.build/QuakeSignal-project-headers.hmap

WriteAuxiliaryFile <ARTIFACT_ROOT>/build/Intermediates/QuakeSignal.build/Debug-iphonesimulator/QuakeSignal.build/QuakeSignal.hmap (in target 'QuakeSignal' from project 'QuakeSignal')
    cd <SOURCE_ROOT>/ios
    write-file <ARTIFACT_ROOT>/build/Intermediates/QuakeSignal.build/Debug-iphonesimulator/QuakeSignal.build/QuakeSignal.hmap

WriteAuxiliaryFile <ARTIFACT_ROOT>/build/Intermediates/QuakeSignal.build/Debug-iphonesimulator/QuakeSignal.build/QuakeSignal-generated-files.hmap (in target 'QuakeSignal' from project 'QuakeSignal')
    cd <SOURCE_ROOT>/ios
    write-file <ARTIFACT_ROOT>/build/Intermediates/QuakeSignal.build/Debug-iphonesimulator/QuakeSignal.build/QuakeSignal-generated-files.hmap

WriteAuxiliaryFile <ARTIFACT_ROOT>/build/Intermediates/QuakeSignal.build/Debug-iphonesimulator/QuakeSignal.build/Objects-normal/x86_64/QuakeSignal-OutputFileMap.json (in target 'QuakeSignal' from project 'QuakeSignal')
    cd <SOURCE_ROOT>/ios
    write-file <ARTIFACT_ROOT>/build/Intermediates/QuakeSignal.build/Debug-iphonesimulator/QuakeSignal.build/Objects-normal/x86_64/QuakeSignal-OutputFileMap.json

WriteAuxiliaryFile <ARTIFACT_ROOT>/build/Intermediates/QuakeSignal.build/Debug-iphonesimulator/QuakeSignal.build/Objects-normal/x86_64/QuakeSignal.LinkFileList (in target 'QuakeSignal' from project 'QuakeSignal')
    cd <SOURCE_ROOT>/ios
    write-file <ARTIFACT_ROOT>/build/Intermediates/QuakeSignal.build/Debug-iphonesimulator/QuakeSignal.build/Objects-normal/x86_64/QuakeSignal.LinkFileList

WriteAuxiliaryFile <ARTIFACT_ROOT>/build/Intermediates/QuakeSignal.build/Debug-iphonesimulator/QuakeSignal.build/Objects-normal/x86_64/QuakeSignal_const_extract_protocols.json (in target 'QuakeSignal' from project 'QuakeSignal')
    cd <SOURCE_ROOT>/ios
    write-file <ARTIFACT_ROOT>/build/Intermediates/QuakeSignal.build/Debug-iphonesimulator/QuakeSignal.build/Objects-normal/x86_64/QuakeSignal_const_extract_protocols.json

WriteAuxiliaryFile <ARTIFACT_ROOT>/build/Intermediates/QuakeSignal.build/Debug-iphonesimulator/QuakeSignalWatch.build/QuakeSignalWatch.DependencyMetadataFileList (in target 'QuakeSignalWatch' from project 'QuakeSignal')
    cd <SOURCE_ROOT>/ios
    write-file <ARTIFACT_ROOT>/build/Intermediates/QuakeSignal.build/Debug-iphonesimulator/QuakeSignalWatch.build/QuakeSignalWatch.DependencyMetadataFileList

WriteAuxiliaryFile <ARTIFACT_ROOT>/build/Intermediates/QuakeSignal.build/Debug-iphonesimulator/QuakeSignalWatch.build/QuakeSignalWatch-project-headers.hmap (in target 'QuakeSignalWatch' from project 'QuakeSignal')
    cd <SOURCE_ROOT>/ios
    write-file <ARTIFACT_ROOT>/build/Intermediates/QuakeSignal.build/Debug-iphonesimulator/QuakeSignalWatch.build/QuakeSignalWatch-project-headers.hmap

WriteAuxiliaryFile <ARTIFACT_ROOT>/build/Intermediates/QuakeSignal.build/Debug-iphonesimulator/QuakeSignalWatch.build/QuakeSignalWatch.hmap (in target 'QuakeSignalWatch' from project 'QuakeSignal')
    cd <SOURCE_ROOT>/ios
    write-file <ARTIFACT_ROOT>/build/Intermediates/QuakeSignal.build/Debug-iphonesimulator/QuakeSignalWatch.build/QuakeSignalWatch.hmap

WriteAuxiliaryFile <ARTIFACT_ROOT>/build/Intermediates/QuakeSignal.build/Debug-iphonesimulator/QuakeSignalWatch.build/QuakeSignalWatch.DependencyStaticMetadataFileList (in target 'QuakeSignalWatch' from project 'QuakeSignal')
    cd <SOURCE_ROOT>/ios
    write-file <ARTIFACT_ROOT>/build/Intermediates/QuakeSignal.build/Debug-iphonesimulator/QuakeSignalWatch.build/QuakeSignalWatch.DependencyStaticMetadataFileList

WriteAuxiliaryFile <ARTIFACT_ROOT>/build/Intermediates/QuakeSignal.build/Debug-iphonesimulator/QuakeSignalWatch.build/QuakeSignalWatch-own-target-headers.hmap (in target 'QuakeSignalWatch' from project 'QuakeSignal')
    cd <SOURCE_ROOT>/ios
    write-file <ARTIFACT_ROOT>/build/Intermediates/QuakeSignal.build/Debug-iphonesimulator/QuakeSignalWatch.build/QuakeSignalWatch-own-target-headers.hmap

WriteAuxiliaryFile <ARTIFACT_ROOT>/build/Intermediates/QuakeSignal.build/Debug-iphonesimulator/QuakeSignalWatch.build/QuakeSignalWatch-generated-files.hmap (in target 'QuakeSignalWatch' from project 'QuakeSignal')
    cd <SOURCE_ROOT>/ios
    write-file <ARTIFACT_ROOT>/build/Intermediates/QuakeSignal.build/Debug-iphonesimulator/QuakeSignalWatch.build/QuakeSignalWatch-generated-files.hmap

WriteAuxiliaryFile <ARTIFACT_ROOT>/build/Intermediates/QuakeSignal.build/Debug-iphonesimulator/QuakeSignalWatch.build/QuakeSignalWatch-all-target-headers.hmap (in target 'QuakeSignalWatch' from project 'QuakeSignal')
    cd <SOURCE_ROOT>/ios
    write-file <ARTIFACT_ROOT>/build/Intermediates/QuakeSignal.build/Debug-iphonesimulator/QuakeSignalWatch.build/QuakeSignalWatch-all-target-headers.hmap

WriteAuxiliaryFile <ARTIFACT_ROOT>/build/Intermediates/QuakeSignal.build/Debug-iphonesimulator/QuakeSignalWatch.build/QuakeSignalWatch-all-non-framework-target-headers.hmap (in target 'QuakeSignalWatch' from project 'QuakeSignal')
    cd <SOURCE_ROOT>/ios
    write-file <ARTIFACT_ROOT>/build/Intermediates/QuakeSignal.build/Debug-iphonesimulator/QuakeSignalWatch.build/QuakeSignalWatch-all-non-framework-target-headers.hmap

WriteAuxiliaryFile <ARTIFACT_ROOT>/build/Intermediates/QuakeSignal.build/Debug-iphonesimulator/QuakeSignalWatch.build/Objects-normal/x86_64/QuakeSignalWatch_const_extract_protocols.json (in target 'QuakeSignalWatch' from project 'QuakeSignal')
    cd <SOURCE_ROOT>/ios
    write-file <ARTIFACT_ROOT>/build/Intermediates/QuakeSignal.build/Debug-iphonesimulator/QuakeSignalWatch.build/Objects-normal/x86_64/QuakeSignalWatch_const_extract_protocols.json

WriteAuxiliaryFile <ARTIFACT_ROOT>/build/Intermediates/QuakeSignal.build/Debug-iphonesimulator/QuakeSignalWatch.build/Objects-normal/x86_64/QuakeSignalWatch.SwiftConstValuesFileList (in target 'QuakeSignalWatch' from project 'QuakeSignal')
    cd <SOURCE_ROOT>/ios
    write-file <ARTIFACT_ROOT>/build/Intermediates/QuakeSignal.build/Debug-iphonesimulator/QuakeSignalWatch.build/Objects-normal/x86_64/QuakeSignalWatch.SwiftConstValuesFileList

WriteAuxiliaryFile <ARTIFACT_ROOT>/build/Intermediates/QuakeSignal.build/Debug-iphonesimulator/QuakeSignalWatch.build/Objects-normal/x86_64/QuakeSignalWatch.LinkFileList (in target 'QuakeSignalWatch' from project 'QuakeSignal')
    cd <SOURCE_ROOT>/ios
    write-file <ARTIFACT_ROOT>/build/Intermediates/QuakeSignal.build/Debug-iphonesimulator/QuakeSignalWatch.build/Objects-normal/x86_64/QuakeSignalWatch.LinkFileList

WriteAuxiliaryFile <ARTIFACT_ROOT>/build/Intermediates/QuakeSignal.build/Debug-iphonesimulator/QuakeSignalWatch.build/Objects-normal/x86_64/QuakeSignalWatch.SwiftFileList (in target 'QuakeSignalWatch' from project 'QuakeSignal')
    cd <SOURCE_ROOT>/ios
    write-file <ARTIFACT_ROOT>/build/Intermediates/QuakeSignal.build/Debug-iphonesimulator/QuakeSignalWatch.build/Objects-normal/x86_64/QuakeSignalWatch.SwiftFileList

WriteAuxiliaryFile <ARTIFACT_ROOT>/build/Intermediates/QuakeSignal.build/Debug-iphonesimulator/QuakeSignalWatch.build/Objects-normal/x86_64/QuakeSignalWatch-OutputFileMap.json (in target 'QuakeSignalWatch' from project 'QuakeSignal')
    cd <SOURCE_ROOT>/ios
    write-file <ARTIFACT_ROOT>/build/Intermediates/QuakeSignal.build/Debug-iphonesimulator/QuakeSignalWatch.build/Objects-normal/x86_64/QuakeSignalWatch-OutputFileMap.json

WriteAuxiliaryFile <ARTIFACT_ROOT>/build/Intermediates/QuakeSignal.build/Debug-iphonesimulator/QuakeSignalWatch.build/Objects-normal/arm64/QuakeSignalWatch.SwiftFileList (in target 'QuakeSignalWatch' from project 'QuakeSignal')
    cd <SOURCE_ROOT>/ios
    write-file <ARTIFACT_ROOT>/build/Intermediates/QuakeSignal.build/Debug-iphonesimulator/QuakeSignalWatch.build/Objects-normal/arm64/QuakeSignalWatch.SwiftFileList

WriteAuxiliaryFile <ARTIFACT_ROOT>/build/Intermediates/QuakeSignal.build/Debug-iphonesimulator/QuakeSignalWatch.build/Objects-normal/arm64/QuakeSignalWatch_const_extract_protocols.json (in target 'QuakeSignalWatch' from project 'QuakeSignal')
    cd <SOURCE_ROOT>/ios
    write-file <ARTIFACT_ROOT>/build/Intermediates/QuakeSignal.build/Debug-iphonesimulator/QuakeSignalWatch.build/Objects-normal/arm64/QuakeSignalWatch_const_extract_protocols.json

WriteAuxiliaryFile <ARTIFACT_ROOT>/build/Intermediates/QuakeSignal.build/Debug-iphonesimulator/QuakeSignalWatch.build/Objects-normal/arm64/QuakeSignalWatch.LinkFileList (in target 'QuakeSignalWatch' from project 'QuakeSignal')
    cd <SOURCE_ROOT>/ios
    write-file <ARTIFACT_ROOT>/build/Intermediates/QuakeSignal.build/Debug-iphonesimulator/QuakeSignalWatch.build/Objects-normal/arm64/QuakeSignalWatch.LinkFileList

WriteAuxiliaryFile <ARTIFACT_ROOT>/build/Intermediates/QuakeSignal.build/Debug-iphonesimulator/QuakeSignalWatch.build/Objects-normal/arm64/QuakeSignalWatch.SwiftConstValuesFileList (in target 'QuakeSignalWatch' from project 'QuakeSignal')
    cd <SOURCE_ROOT>/ios
    write-file <ARTIFACT_ROOT>/build/Intermediates/QuakeSignal.build/Debug-iphonesimulator/QuakeSignalWatch.build/Objects-normal/arm64/QuakeSignalWatch.SwiftConstValuesFileList

WriteAuxiliaryFile <ARTIFACT_ROOT>/build/Intermediates/QuakeSignal.build/Debug-iphonesimulator/QuakeSignalWatch.build/Objects-normal/arm64/QuakeSignalWatch-OutputFileMap.json (in target 'QuakeSignalWatch' from project 'QuakeSignal')
    cd <SOURCE_ROOT>/ios
    write-file <ARTIFACT_ROOT>/build/Intermediates/QuakeSignal.build/Debug-iphonesimulator/QuakeSignalWatch.build/Objects-normal/arm64/QuakeSignalWatch-OutputFileMap.json

WriteAuxiliaryFile <ARTIFACT_ROOT>/build/Intermediates/QuakeSignal.build/Debug-iphonesimulator/QuakeSignal.build/QuakeSignal.DependencyStaticMetadataFileList (in target 'QuakeSignal' from project 'QuakeSignal')
    cd <SOURCE_ROOT>/ios
    write-file <ARTIFACT_ROOT>/build/Intermediates/QuakeSignal.build/Debug-iphonesimulator/QuakeSignal.build/QuakeSignal.DependencyStaticMetadataFileList

WriteAuxiliaryFile <ARTIFACT_ROOT>/build/Intermediates/QuakeSignal.build/Debug-iphonesimulator/QuakeSignal.build/QuakeSignal.DependencyMetadataFileList (in target 'QuakeSignal' from project 'QuakeSignal')
    cd <SOURCE_ROOT>/ios
    write-file <ARTIFACT_ROOT>/build/Intermediates/QuakeSignal.build/Debug-iphonesimulator/QuakeSignal.build/QuakeSignal.DependencyMetadataFileList

WriteAuxiliaryFile <ARTIFACT_ROOT>/build/Intermediates/QuakeSignal.build/Debug-iphonesimulator/QuakeSignal.build/Objects-normal/x86_64/QuakeSignal.SwiftFileList (in target 'QuakeSignal' from project 'QuakeSignal')
    cd <SOURCE_ROOT>/ios
    write-file <ARTIFACT_ROOT>/build/Intermediates/QuakeSignal.build/Debug-iphonesimulator/QuakeSignal.build/Objects-normal/x86_64/QuakeSignal.SwiftFileList

WriteAuxiliaryFile <ARTIFACT_ROOT>/build/Intermediates/QuakeSignal.build/Debug-iphonesimulator/QuakeSignal.build/Objects-normal/x86_64/QuakeSignal.SwiftConstValuesFileList (in target 'QuakeSignal' from project 'QuakeSignal')
    cd <SOURCE_ROOT>/ios
    write-file <ARTIFACT_ROOT>/build/Intermediates/QuakeSignal.build/Debug-iphonesimulator/QuakeSignal.build/Objects-normal/x86_64/QuakeSignal.SwiftConstValuesFileList

WriteAuxiliaryFile <ARTIFACT_ROOT>/build/Intermediates/QuakeSignal.build/Debug-iphonesimulator/QuakeSignal.build/Objects-normal/arm64/QuakeSignal_const_extract_protocols.json (in target 'QuakeSignal' from project 'QuakeSignal')
    cd <SOURCE_ROOT>/ios
    write-file <ARTIFACT_ROOT>/build/Intermediates/QuakeSignal.build/Debug-iphonesimulator/QuakeSignal.build/Objects-normal/arm64/QuakeSignal_const_extract_protocols.json

WriteAuxiliaryFile <ARTIFACT_ROOT>/build/Intermediates/QuakeSignal.build/Debug-iphonesimulator/QuakeSignal.build/Objects-normal/arm64/QuakeSignal.SwiftFileList (in target 'QuakeSignal' from project 'QuakeSignal')
    cd <SOURCE_ROOT>/ios
    write-file <ARTIFACT_ROOT>/build/Intermediates/QuakeSignal.build/Debug-iphonesimulator/QuakeSignal.build/Objects-normal/arm64/QuakeSignal.SwiftFileList

WriteAuxiliaryFile <ARTIFACT_ROOT>/build/Intermediates/QuakeSignal.build/Debug-iphonesimulator/QuakeSignal.build/Objects-normal/arm64/QuakeSignal.SwiftConstValuesFileList (in target 'QuakeSignal' from project 'QuakeSignal')
    cd <SOURCE_ROOT>/ios
    write-file <ARTIFACT_ROOT>/build/Intermediates/QuakeSignal.build/Debug-iphonesimulator/QuakeSignal.build/Objects-normal/arm64/QuakeSignal.SwiftConstValuesFileList

WriteAuxiliaryFile <ARTIFACT_ROOT>/build/Intermediates/QuakeSignal.build/Debug-iphonesimulator/QuakeSignal.build/Objects-normal/arm64/QuakeSignal.LinkFileList (in target 'QuakeSignal' from project 'QuakeSignal')
    cd <SOURCE_ROOT>/ios
    write-file <ARTIFACT_ROOT>/build/Intermediates/QuakeSignal.build/Debug-iphonesimulator/QuakeSignal.build/Objects-normal/arm64/QuakeSignal.LinkFileList

WriteAuxiliaryFile <ARTIFACT_ROOT>/build/Intermediates/QuakeSignal.build/Debug-iphonesimulator/QuakeSignal.build/Objects-normal/arm64/QuakeSignal-OutputFileMap.json (in target 'QuakeSignal' from project 'QuakeSignal')
    cd <SOURCE_ROOT>/ios
    write-file <ARTIFACT_ROOT>/build/Intermediates/QuakeSignal.build/Debug-iphonesimulator/QuakeSignal.build/Objects-normal/arm64/QuakeSignal-OutputFileMap.json

MkDir <ARTIFACT_ROOT>/build/Products/Debug-iphonesimulator/QuakeSignalWatch.app (in target 'QuakeSignalWatch' from project 'QuakeSignal')
    cd <SOURCE_ROOT>/ios
    /bin/mkdir -p <ARTIFACT_ROOT>/build/Products/Debug-iphonesimulator/QuakeSignalWatch.app

MkDir <ARTIFACT_ROOT>/build/Products/Debug-iphonesimulator/QuakeSignal.app (in target 'QuakeSignal' from project 'QuakeSignal')
    cd <SOURCE_ROOT>/ios
    /bin/mkdir -p <ARTIFACT_ROOT>/build/Products/Debug-iphonesimulator/QuakeSignal.app

MkDir <ARTIFACT_ROOT>/build/Intermediates/QuakeSignal.build/Debug-iphonesimulator/QuakeSignalWatch.build/assetcatalog_output/unthinned (in target 'QuakeSignalWatch' from project 'QuakeSignal')
    cd <SOURCE_ROOT>/ios
    /bin/mkdir -p <ARTIFACT_ROOT>/build/Intermediates/QuakeSignal.build/Debug-iphonesimulator/QuakeSignalWatch.build/assetcatalog_output/unthinned

MkDir <ARTIFACT_ROOT>/build/Intermediates/QuakeSignal.build/Debug-iphonesimulator/QuakeSignalWatch.build/assetcatalog_output/thinned (in target 'QuakeSignalWatch' from project 'QuakeSignal')
    cd <SOURCE_ROOT>/ios
    /bin/mkdir -p <ARTIFACT_ROOT>/build/Intermediates/QuakeSignal.build/Debug-iphonesimulator/QuakeSignalWatch.build/assetcatalog_output/thinned

CopyStringsFile <ARTIFACT_ROOT>/build/Products/Debug-iphonesimulator/QuakeSignalWatch.app/zh-Hans.lproj/Localizable.strings <SOURCE_ROOT>/ios/QuakeSignal/Resources/zh-Hans.lproj/Localizable.strings (in target 'QuakeSignalWatch' from project 'QuakeSignal')
    cd <SOURCE_ROOT>/ios
    builtin-copyStrings --validate --outputencoding binary --outfilename Localizable.strings --outdir <ARTIFACT_ROOT>/build/Products/Debug-iphonesimulator/QuakeSignalWatch.app/zh-Hans.lproj -- <SOURCE_ROOT>/ios/QuakeSignal/Resources/zh-Hans.lproj/Localizable.strings
<SOURCE_ROOT>/ios/QuakeSignal/Resources/zh-Hans.lproj/Localizable.strings:1:1: note: detected encoding of input file as Unicode (UTF-8) (in target 'QuakeSignalWatch' from project 'QuakeSignal')

CopyStringsFile <ARTIFACT_ROOT>/build/Products/Debug-iphonesimulator/QuakeSignalWatch.app/ja.lproj/InfoPlist.strings <SOURCE_ROOT>/ios/QuakeSignal/Resources/ja.lproj/InfoPlist.strings (in target 'QuakeSignalWatch' from project 'QuakeSignal')
    cd <SOURCE_ROOT>/ios
    builtin-copyStrings --validate --outputencoding binary --outfilename InfoPlist.strings --outdir <ARTIFACT_ROOT>/build/Products/Debug-iphonesimulator/QuakeSignalWatch.app/ja.lproj -- <SOURCE_ROOT>/ios/QuakeSignal/Resources/ja.lproj/InfoPlist.strings
<SOURCE_ROOT>/ios/QuakeSignal/Resources/ja.lproj/InfoPlist.strings:1:1: note: detected encoding of input file as Unicode (UTF-8) (in target 'QuakeSignalWatch' from project 'QuakeSignal')

CopyStringsFile <ARTIFACT_ROOT>/build/Products/Debug-iphonesimulator/QuakeSignalWatch.app/zh-Hans.lproj/InfoPlist.strings <SOURCE_ROOT>/ios/QuakeSignal/Resources/zh-Hans.lproj/InfoPlist.strings (in target 'QuakeSignalWatch' from project 'QuakeSignal')
    cd <SOURCE_ROOT>/ios
    builtin-copyStrings --validate --outputencoding binary --outfilename InfoPlist.strings --outdir <ARTIFACT_ROOT>/build/Products/Debug-iphonesimulator/QuakeSignalWatch.app/zh-Hans.lproj -- <SOURCE_ROOT>/ios/QuakeSignal/Resources/zh-Hans.lproj/InfoPlist.strings
<SOURCE_ROOT>/ios/QuakeSignal/Resources/zh-Hans.lproj/InfoPlist.strings:1:1: note: detected encoding of input file as Unicode (UTF-8) (in target 'QuakeSignalWatch' from project 'QuakeSignal')

GenerateAssetSymbols <SOURCE_ROOT>/ios/QuakeSignal/Assets.xcassets <SOURCE_ROOT>/ios/QuakeSignalWatch/Assets.xcassets (in target 'QuakeSignalWatch' from project 'QuakeSignal')
    cd <SOURCE_ROOT>/ios
    <XCODE_APP>/Contents/Developer/usr/bin/actool <SOURCE_ROOT>/ios/QuakeSignal/Assets.xcassets <SOURCE_ROOT>/ios/QuakeSignalWatch/Assets.xcassets --compile <ARTIFACT_ROOT>/build/Products/Debug-iphonesimulator/QuakeSignalWatch.app --output-format human-readable-text --notices --warnings --export-dependency-info <ARTIFACT_ROOT>/build/Intermediates/QuakeSignal.build/Debug-iphonesimulator/QuakeSignalWatch.build/assetcatalog_dependencies --output-partial-info-plist <ARTIFACT_ROOT>/build/Intermediates/QuakeSignal.build/Debug-iphonesimulator/QuakeSignalWatch.build/assetcatalog_generated_info.plist --app-icon AppIcon --accent-color AccentColor --compress-pngs --enable-on-demand-resources YES --development-region en --target-device iphone --target-device ipad --minimum-deployment-target 17.0 --platform iphonesimulator --bundle-identifier com.quakesignal.app.watchkitapp --generate-swift-asset-symbol-extensions NO --generate-swift-asset-symbols <ARTIFACT_ROOT>/build/Intermediates/QuakeSignal.build/Debug-iphonesimulator/QuakeSignalWatch.build/DerivedSources/GeneratedAssetSymbols.swift --generate-objc-asset-symbols <ARTIFACT_ROOT>/build/Intermediates/QuakeSignal.build/Debug-iphonesimulator/QuakeSignalWatch.build/DerivedSources/GeneratedAssetSymbols.h --generate-asset-symbol-index <ARTIFACT_ROOT>/build/Intermediates/QuakeSignal.build/Debug-iphonesimulator/QuakeSignalWatch.build/DerivedSources/GeneratedAssetSymbols-Index.plist
/* com.apple.actool.compilation-results */
<ARTIFACT_ROOT>/build/Intermediates/QuakeSignal.build/Debug-iphonesimulator/QuakeSignalWatch.build/DerivedSources/GeneratedAssetSymbols-Index.plist
<ARTIFACT_ROOT>/build/Intermediates/QuakeSignal.build/Debug-iphonesimulator/QuakeSignalWatch.build/DerivedSources/GeneratedAssetSymbols.h
<ARTIFACT_ROOT>/build/Intermediates/QuakeSignal.build/Debug-iphonesimulator/QuakeSignalWatch.build/DerivedSources/GeneratedAssetSymbols.swift


CopyStringsFile <ARTIFACT_ROOT>/build/Products/Debug-iphonesimulator/QuakeSignalWatch.app/ja.lproj/Localizable.strings <SOURCE_ROOT>/ios/QuakeSignal/Resources/ja.lproj/Localizable.strings (in target 'QuakeSignalWatch' from project 'QuakeSignal')
    cd <SOURCE_ROOT>/ios
    builtin-copyStrings --validate --outputencoding binary --outfilename Localizable.strings --outdir <ARTIFACT_ROOT>/build/Products/Debug-iphonesimulator/QuakeSignalWatch.app/ja.lproj -- <SOURCE_ROOT>/ios/QuakeSignal/Resources/ja.lproj/Localizable.strings
<SOURCE_ROOT>/ios/QuakeSignal/Resources/ja.lproj/Localizable.strings:1:1: note: detected encoding of input file as Unicode (UTF-8) (in target 'QuakeSignalWatch' from project 'QuakeSignal')

CopyStringsFile <ARTIFACT_ROOT>/build/Products/Debug-iphonesimulator/QuakeSignalWatch.app/en.lproj/Localizable.strings <SOURCE_ROOT>/ios/QuakeSignal/Resources/en.lproj/Localizable.strings (in target 'QuakeSignalWatch' from project 'QuakeSignal')
    cd <SOURCE_ROOT>/ios
    builtin-copyStrings --validate --outputencoding binary --outfilename Localizable.strings --outdir <ARTIFACT_ROOT>/build/Products/Debug-iphonesimulator/QuakeSignalWatch.app/en.lproj -- <SOURCE_ROOT>/ios/QuakeSignal/Resources/en.lproj/Localizable.strings
<SOURCE_ROOT>/ios/QuakeSignal/Resources/en.lproj/Localizable.strings:1:1: note: detected encoding of input file as Unicode (UTF-8) (in target 'QuakeSignalWatch' from project 'QuakeSignal')

CopyStringsFile <ARTIFACT_ROOT>/build/Products/Debug-iphonesimulator/QuakeSignalWatch.app/en.lproj/InfoPlist.strings <SOURCE_ROOT>/ios/QuakeSignal/Resources/en.lproj/InfoPlist.strings (in target 'QuakeSignalWatch' from project 'QuakeSignal')
    cd <SOURCE_ROOT>/ios
    builtin-copyStrings --validate --outputencoding binary --outfilename InfoPlist.strings --outdir <ARTIFACT_ROOT>/build/Products/Debug-iphonesimulator/QuakeSignalWatch.app/en.lproj -- <SOURCE_ROOT>/ios/QuakeSignal/Resources/en.lproj/InfoPlist.strings
<SOURCE_ROOT>/ios/QuakeSignal/Resources/en.lproj/InfoPlist.strings:1:1: note: detected encoding of input file as Unicode (UTF-8) (in target 'QuakeSignalWatch' from project 'QuakeSignal')

CompileAssetCatalogVariant thinned <ARTIFACT_ROOT>/build/Products/Debug-iphonesimulator/QuakeSignalWatch.app <SOURCE_ROOT>/ios/QuakeSignal/Assets.xcassets <SOURCE_ROOT>/ios/QuakeSignalWatch/Assets.xcassets (in target 'QuakeSignalWatch' from project 'QuakeSignal')
    cd <SOURCE_ROOT>/ios
    <XCODE_APP>/Contents/Developer/usr/bin/actool <SOURCE_ROOT>/ios/QuakeSignal/Assets.xcassets <SOURCE_ROOT>/ios/QuakeSignalWatch/Assets.xcassets --compile <ARTIFACT_ROOT>/build/Intermediates/QuakeSignal.build/Debug-iphonesimulator/QuakeSignalWatch.build/assetcatalog_output/thinned --output-format human-readable-text --notices --warnings --export-dependency-info <ARTIFACT_ROOT>/build/Intermediates/QuakeSignal.build/Debug-iphonesimulator/QuakeSignalWatch.build/assetcatalog_dependencies_thinned --output-partial-info-plist <ARTIFACT_ROOT>/build/Intermediates/QuakeSignal.build/Debug-iphonesimulator/QuakeSignalWatch.build/assetcatalog_generated_info.plist_thinned --app-icon AppIcon --accent-color AccentColor --compress-pngs --enable-on-demand-resources YES --development-region en --target-device iphone --target-device ipad --minimum-deployment-target 17.0 --platform iphonesimulator
/* com.apple.actool.compilation-results */
<ARTIFACT_ROOT>/build/Intermediates/QuakeSignal.build/Debug-iphonesimulator/QuakeSignalWatch.build/assetcatalog_generated_info.plist_thinned
<ARTIFACT_ROOT>/build/Intermediates/QuakeSignal.build/Debug-iphonesimulator/QuakeSignalWatch.build/assetcatalog_output/thinned/AppIcon60x60@2x.png
<ARTIFACT_ROOT>/build/Intermediates/QuakeSignal.build/Debug-iphonesimulator/QuakeSignalWatch.build/assetcatalog_output/thinned/AppIcon76x76@2x~ipad.png
<ARTIFACT_ROOT>/build/Intermediates/QuakeSignal.build/Debug-iphonesimulator/QuakeSignalWatch.build/assetcatalog_output/thinned/Assets.car


SwiftDriver QuakeSignalWatch normal x86_64 com.apple.xcode.tools.swift.compiler (in target 'QuakeSignalWatch' from project 'QuakeSignal')
    cd <SOURCE_ROOT>/ios
    builtin-SwiftDriver -- <XCODE_APP>/Contents/Developer/Toolchains/XcodeDefault.xctoolchain/usr/bin/swiftc -module-name QuakeSignalWatch -Onone @<ARTIFACT_ROOT>/build/Intermediates/QuakeSignal.build/Debug-iphonesimulator/QuakeSignalWatch.build/Objects-normal/x86_64/QuakeSignalWatch.SwiftFileList -DDEBUG -enable-experimental-feature DebugDescriptionMacro -sdk <XCODE_APP>/Contents/Developer/Platforms/iPhoneSimulator.platform/Developer/SDKs/iPhoneSimulator26.5.sdk -target x86_64-apple-ios17.0-simulator -g -module-cache-path <ARTIFACT_ROOT>/build/ModuleCache -Xfrontend -serialize-debugging-options -enable-testing -Xcc -D_LIBCPP_HARDENING_MODE\=_LIBCPP_HARDENING_MODE_DEBUG -swift-version 6 -I <ARTIFACT_ROOT>/build/Products/Debug-iphonesimulator -F <ARTIFACT_ROOT>/build/Products/Debug-iphonesimulator -c -j10 -enable-batch-mode -incremental -Xcc -ivfsstatcache -Xcc <ARTIFACT_ROOT>/xcode-cache/26.6-17F113/Xcode/26.6-17F113/Xcode/SDKStatCaches.noindex/iphonesimulator26.5-23F81a-1f122a3c1253c0e3a2240b2508b6516f.sdkstatcache -output-file-map <ARTIFACT_ROOT>/build/Intermediates/QuakeSignal.build/Debug-iphonesimulator/QuakeSignalWatch.build/Objects-normal/x86_64/QuakeSignalWatch-OutputFileMap.json -use-frontend-parseable-output -save-temps -no-color-diagnostics -explicit-module-build -module-cache-path <ARTIFACT_ROOT>/build/Intermediates/SwiftExplicitPrecompiledModules -clang-scanner-module-cache-path <ARTIFACT_ROOT>/build/ModuleCache -sdk-module-cache-path <ARTIFACT_ROOT>/build/ModuleCache -serialize-diagnostics -emit-dependencies -emit-module -emit-module-path <ARTIFACT_ROOT>/build/Intermediates/QuakeSignal.build/Debug-iphonesimulator/QuakeSignalWatch.build/Objects-normal/x86_64/QuakeSignalWatch.swiftmodule -validate-clang-modules-once -clang-build-session-file <ARTIFACT_ROOT>/xcode-cache/26.6-17F113/Xcode/ModuleCache.noindex/Session.modulevalidation -Xcc -I<ARTIFACT_ROOT>/build/Intermediates/QuakeSignal.build/Debug-iphonesimulator/QuakeSignalWatch.build/swift-overrides.hmap -emit-const-values -Xfrontend -const-gather-protocols-file -Xfrontend <ARTIFACT_ROOT>/build/Intermediates/QuakeSignal.build/Debug-iphonesimulator/QuakeSignalWatch.build/Objects-normal/x86_64/QuakeSignalWatch_const_extract_protocols.json -Xcc -iquote -Xcc <ARTIFACT_ROOT>/build/Intermediates/QuakeSignal.build/Debug-iphonesimulator/QuakeSignalWatch.build/QuakeSignalWatch-generated-files.hmap -Xcc -I<ARTIFACT_ROOT>/build/Intermediates/QuakeSignal.build/Debug-iphonesimulator/QuakeSignalWatch.build/QuakeSignalWatch-own-target-headers.hmap -Xcc -I<ARTIFACT_ROOT>/build/Intermediates/QuakeSignal.build/Debug-iphonesimulator/QuakeSignalWatch.build/QuakeSignalWatch-all-target-headers.hmap -Xcc -iquote -Xcc <ARTIFACT_ROOT>/build/Intermediates/QuakeSignal.build/Debug-iphonesimulator/QuakeSignalWatch.build/QuakeSignalWatch-project-headers.hmap -Xcc -I<ARTIFACT_ROOT>/build/Products/Debug-iphonesimulator/include -Xcc -I<ARTIFACT_ROOT>/build/Intermediates/QuakeSignal.build/Debug-iphonesimulator/QuakeSignalWatch.build/DerivedSources-normal/x86_64 -Xcc -I<ARTIFACT_ROOT>/build/Intermediates/QuakeSignal.build/Debug-iphonesimulator/QuakeSignalWatch.build/DerivedSources/x86_64 -Xcc -I<ARTIFACT_ROOT>/build/Intermediates/QuakeSignal.build/Debug-iphonesimulator/QuakeSignalWatch.build/DerivedSources -Xcc -DDEBUG\=1 -emit-objc-header -emit-objc-header-path <ARTIFACT_ROOT>/build/Intermediates/QuakeSignal.build/Debug-iphonesimulator/QuakeSignalWatch.build/Objects-normal/x86_64/QuakeSignalWatch-Swift.h -working-directory <SOURCE_ROOT>/ios -experimental-emit-module-separately -disable-cmo

SwiftDriver QuakeSignalWatch normal arm64 com.apple.xcode.tools.swift.compiler (in target 'QuakeSignalWatch' from project 'QuakeSignal')
    cd <SOURCE_ROOT>/ios
    builtin-SwiftDriver -- <XCODE_APP>/Contents/Developer/Toolchains/XcodeDefault.xctoolchain/usr/bin/swiftc -module-name QuakeSignalWatch -Onone @<ARTIFACT_ROOT>/build/Intermediates/QuakeSignal.build/Debug-iphonesimulator/QuakeSignalWatch.build/Objects-normal/arm64/QuakeSignalWatch.SwiftFileList -DDEBUG -enable-experimental-feature DebugDescriptionMacro -sdk <XCODE_APP>/Contents/Developer/Platforms/iPhoneSimulator.platform/Developer/SDKs/iPhoneSimulator26.5.sdk -target arm64-apple-ios17.0-simulator -g -module-cache-path <ARTIFACT_ROOT>/build/ModuleCache -Xfrontend -serialize-debugging-options -enable-testing -Xcc -D_LIBCPP_HARDENING_MODE\=_LIBCPP_HARDENING_MODE_DEBUG -swift-version 6 -I <ARTIFACT_ROOT>/build/Products/Debug-iphonesimulator -F <ARTIFACT_ROOT>/build/Products/Debug-iphonesimulator -c -j10 -enable-batch-mode -incremental -Xcc -ivfsstatcache -Xcc <ARTIFACT_ROOT>/xcode-cache/26.6-17F113/Xcode/26.6-17F113/Xcode/SDKStatCaches.noindex/iphonesimulator26.5-23F81a-1f122a3c1253c0e3a2240b2508b6516f.sdkstatcache -output-file-map <ARTIFACT_ROOT>/build/Intermediates/QuakeSignal.build/Debug-iphonesimulator/QuakeSignalWatch.build/Objects-normal/arm64/QuakeSignalWatch-OutputFileMap.json -use-frontend-parseable-output -save-temps -no-color-diagnostics -explicit-module-build -module-cache-path <ARTIFACT_ROOT>/build/Intermediates/SwiftExplicitPrecompiledModules -clang-scanner-module-cache-path <ARTIFACT_ROOT>/build/ModuleCache -sdk-module-cache-path <ARTIFACT_ROOT>/build/ModuleCache -serialize-diagnostics -emit-dependencies -emit-module -emit-module-path <ARTIFACT_ROOT>/build/Intermediates/QuakeSignal.build/Debug-iphonesimulator/QuakeSignalWatch.build/Objects-normal/arm64/QuakeSignalWatch.swiftmodule -validate-clang-modules-once -clang-build-session-file <ARTIFACT_ROOT>/xcode-cache/26.6-17F113/Xcode/ModuleCache.noindex/Session.modulevalidation -Xcc -I<ARTIFACT_ROOT>/build/Intermediates/QuakeSignal.build/Debug-iphonesimulator/QuakeSignalWatch.build/swift-overrides.hmap -emit-const-values -Xfrontend -const-gather-protocols-file -Xfrontend <ARTIFACT_ROOT>/build/Intermediates/QuakeSignal.build/Debug-iphonesimulator/QuakeSignalWatch.build/Objects-normal/arm64/QuakeSignalWatch_const_extract_protocols.json -Xcc -iquote -Xcc <ARTIFACT_ROOT>/build/Intermediates/QuakeSignal.build/Debug-iphonesimulator/QuakeSignalWatch.build/QuakeSignalWatch-generated-files.hmap -Xcc -I<ARTIFACT_ROOT>/build/Intermediates/QuakeSignal.build/Debug-iphonesimulator/QuakeSignalWatch.build/QuakeSignalWatch-own-target-headers.hmap -Xcc -I<ARTIFACT_ROOT>/build/Intermediates/QuakeSignal.build/Debug-iphonesimulator/QuakeSignalWatch.build/QuakeSignalWatch-all-target-headers.hmap -Xcc -iquote -Xcc <ARTIFACT_ROOT>/build/Intermediates/QuakeSignal.build/Debug-iphonesimulator/QuakeSignalWatch.build/QuakeSignalWatch-project-headers.hmap -Xcc -I<ARTIFACT_ROOT>/build/Products/Debug-iphonesimulator/include -Xcc -I<ARTIFACT_ROOT>/build/Intermediates/QuakeSignal.build/Debug-iphonesimulator/QuakeSignalWatch.build/DerivedSources-normal/arm64 -Xcc -I<ARTIFACT_ROOT>/build/Intermediates/QuakeSignal.build/Debug-iphonesimulator/QuakeSignalWatch.build/DerivedSources/arm64 -Xcc -I<ARTIFACT_ROOT>/build/Intermediates/QuakeSignal.build/Debug-iphonesimulator/QuakeSignalWatch.build/DerivedSources -Xcc -DDEBUG\=1 -emit-objc-header -emit-objc-header-path <ARTIFACT_ROOT>/build/Intermediates/QuakeSignal.build/Debug-iphonesimulator/QuakeSignalWatch.build/Objects-normal/arm64/QuakeSignalWatch-Swift.h -working-directory <SOURCE_ROOT>/ios -experimental-emit-module-separately -disable-cmo

SwiftExplicitDependencyGeneratePcm x86_64 <ARTIFACT_ROOT>/build/ModuleCache/_SwiftConcurrencyShims-46HBGLYUN27I0MR5L84CS4Y7M.pcm

SwiftExplicitDependencyGeneratePcm x86_64 <ARTIFACT_ROOT>/build/ModuleCache/ptrcheck-EMJYKRVTP2LZ85UZXSB96NK4N.pcm

SwiftExplicitDependencyGeneratePcm x86_64 <ARTIFACT_ROOT>/build/ModuleCache/SwiftShims-4K8JIN60H1FBZ7Z9HV4E27MIQ.pcm

SwiftExplicitDependencyGeneratePcm x86_64 <ARTIFACT_ROOT>/build/ModuleCache/_Builtin_stdarg-85SJ8T1Z746PDTLAI3YNNP4ZA.pcm

SwiftExplicitDependencyGeneratePcm x86_64 <ARTIFACT_ROOT>/build/ModuleCache/_Builtin_stddef-7VJNYVS2AAK2FP1QAAUQOBI67.pcm

SwiftExplicitDependencyGeneratePcm x86_64 <ARTIFACT_ROOT>/build/ModuleCache/DeveloperToolsSupport-2A9AO49Y8DJAS155DOUQCTATE.pcm

SwiftExplicitDependencyGeneratePcm x86_64 <ARTIFACT_ROOT>/build/ModuleCache/_Builtin_stdbool-NYEA7ONCGZQ02G12B8GJKMH7.pcm

SwiftExplicitDependencyGeneratePcm x86_64 <ARTIFACT_ROOT>/build/ModuleCache/_Builtin_float-5X8I2Y8LO3TOEC3SM382AMH6X.pcm

SwiftExplicitDependencyGeneratePcm x86_64 <ARTIFACT_ROOT>/build/ModuleCache/ptrauth-E3RJJ37MODU8750OSFKQXRA8R.pcm

SwiftExplicitDependencyGeneratePcm arm64 <ARTIFACT_ROOT>/build/ModuleCache/ptrauth-9F18DIMINSPTZD5CCVFWKAPO8.pcm

SwiftExplicitDependencyGeneratePcm arm64 <ARTIFACT_ROOT>/build/ModuleCache/_AvailabilityInternal-ABOM4EIVRFX0C2KF0YX7OI14W.pcm

SwiftExplicitDependencyGeneratePcm arm64 <ARTIFACT_ROOT>/build/ModuleCache/DeveloperToolsSupport-5Z85O2IMKBJ5R9EMW93VZPDQG.pcm

SwiftExplicitDependencyGeneratePcm arm64 <ARTIFACT_ROOT>/build/ModuleCache/_Builtin_stdbool-DHFY9X5TOTSF4W9DQDIXTBE24.pcm

SwiftExplicitDependencyGeneratePcm arm64 <ARTIFACT_ROOT>/build/ModuleCache/SwiftShims-EDIYMOGC0V863JXWRORMASVNM.pcm

SwiftExplicitDependencyGeneratePcm arm64 <ARTIFACT_ROOT>/build/ModuleCache/_Builtin_stddef-5QNLI20F3RLJQ826OOIG63O1I.pcm

SwiftExplicitDependencyGeneratePcm arm64 <ARTIFACT_ROOT>/build/ModuleCache/_Builtin_stdarg-3NRKCVLXFZWA0GG3S8IOKRK4Z.pcm

SwiftExplicitDependencyGeneratePcm arm64 <ARTIFACT_ROOT>/build/ModuleCache/ptrcheck-7300X84T791A1Q2RK2FZKK8OK.pcm

SwiftExplicitDependencyGeneratePcm arm64 <ARTIFACT_ROOT>/build/ModuleCache/_Builtin_float-EUCDPOQBFIKZTIZBIHLPG0354.pcm

SwiftExplicitDependencyGeneratePcm x86_64 <ARTIFACT_ROOT>/build/ModuleCache/_AvailabilityInternal-CKKXBMAWVLIWBK31FSN1TGJ4A.pcm

SwiftExplicitDependencyGeneratePcm arm64 <ARTIFACT_ROOT>/build/ModuleCache/_SwiftConcurrencyShims-87459HGCZJF9JRC14HRMJ7Z60.pcm

SwiftExplicitDependencyGeneratePcm arm64 <ARTIFACT_ROOT>/build/ModuleCache/_DarwinFoundation1-8M7VU3SC0J59N9ZIGVLNQSFME.pcm

SwiftExplicitDependencyGeneratePcm x86_64 <ARTIFACT_ROOT>/build/ModuleCache/_DarwinFoundation1-72YDWCPJNW7DT0VWJSRKQFPWO.pcm

SwiftExplicitDependencyGeneratePcm arm64 <ARTIFACT_ROOT>/build/ModuleCache/_DarwinFoundation2-5FEBDDM97RAFOKMPHRX5Z7RG7.pcm

SwiftExplicitDependencyGeneratePcm arm64 <ARTIFACT_ROOT>/build/ModuleCache/_Builtin_limits-D4T6O8YR5JOD93RQTLDLKS6MP.pcm

SwiftExplicitDependencyGeneratePcm x86_64 <ARTIFACT_ROOT>/build/ModuleCache/_DarwinFoundation2-BGCJTSJ5BP8OJZ9B8LTM8NKOJ.pcm

SwiftExplicitDependencyGeneratePcm x86_64 <ARTIFACT_ROOT>/build/ModuleCache/_Builtin_limits-8Z4CYTM172PYDBLV1W3I498BF.pcm

SwiftExplicitDependencyGeneratePcm arm64 <ARTIFACT_ROOT>/build/ModuleCache/sys_types-3OSLYE7MTPNUS52624LAN3P18.pcm

SwiftExplicitDependencyGeneratePcm arm64 <ARTIFACT_ROOT>/build/ModuleCache/_Builtin_stdint-4UX4WCNVUP4PSSRWPSISBDQDL.pcm

SwiftExplicitDependencyGeneratePcm arm64 <ARTIFACT_ROOT>/build/ModuleCache/_Builtin_tgmath-F18JPAKTE7K40ATSFSELD0MBL.pcm

SwiftExplicitDependencyGeneratePcm x86_64 <ARTIFACT_ROOT>/build/ModuleCache/_Builtin_stdint-2RPGN23MCH9AOLWUBUJEMI0QG.pcm

SwiftExplicitDependencyGeneratePcm x86_64 <ARTIFACT_ROOT>/build/ModuleCache/_Builtin_tgmath-A7M9WEVO1EPSZWHB4FCE50YQT.pcm

SwiftExplicitDependencyGeneratePcm x86_64 <ARTIFACT_ROOT>/build/ModuleCache/sys_types-7W0M949UFMZ1O8419RIV5NXSJ.pcm

SwiftExplicitDependencyGeneratePcm arm64 <ARTIFACT_ROOT>/build/ModuleCache/_Builtin_stdatomic-62JEZ2H3E90ONXHSGPNBINIAB.pcm

SwiftExplicitDependencyGeneratePcm arm64 <ARTIFACT_ROOT>/build/ModuleCache/_Builtin_intrinsics-3T6P704XU2NJZ0NB6RUHIX53D.pcm

SwiftExplicitDependencyGeneratePcm arm64 <ARTIFACT_ROOT>/build/ModuleCache/_DarwinFoundation3-DX4ZXSTG9FNABN2XO5BUQKRV0.pcm

SwiftExplicitDependencyGeneratePcm x86_64 <ARTIFACT_ROOT>/build/ModuleCache/_DarwinFoundation3-7Q14GDCXDN5UTQ50HBAXK8HUQ.pcm

SwiftExplicitDependencyGeneratePcm x86_64 <ARTIFACT_ROOT>/build/ModuleCache/_Builtin_stdatomic-D5S6TQ9RYXJ3PA5R7F0HCQSMX.pcm

SwiftExplicitDependencyGeneratePcm arm64 <ARTIFACT_ROOT>/build/ModuleCache/_Builtin_inttypes-12WMA7RLK1WHSY2SQX60PSE38.pcm

SwiftExplicitDependencyGeneratePcm x86_64 <ARTIFACT_ROOT>/build/ModuleCache/_Builtin_intrinsics-16ZVWCPF7YZ13H3CVEU47U1N6.pcm

SwiftExplicitDependencyGeneratePcm x86_64 <ARTIFACT_ROOT>/build/ModuleCache/_Builtin_inttypes-40O7LCJEKU1WMI0NVTYH0MR9A.pcm

SwiftExplicitDependencyGeneratePcm x86_64 <ARTIFACT_ROOT>/build/ModuleCache/Darwin-6G646ZRMM0P6INULHV7LVPXYZ.pcm

SwiftExplicitDependencyGeneratePcm arm64 <ARTIFACT_ROOT>/build/ModuleCache/Darwin-BMNLJRIOP32Q2L1IA1S3N7NPF.pcm

SwiftExplicitDependencyGeneratePcm arm64 <ARTIFACT_ROOT>/build/ModuleCache/simd-CYZIIFP9NJX0Q42BK4K66KYFW.pcm

SwiftExplicitDependencyGeneratePcm x86_64 <ARTIFACT_ROOT>/build/ModuleCache/MachO-EKBPV85BGCBCY54EE3HA31GNT.pcm

SwiftExplicitDependencyGeneratePcm x86_64 <ARTIFACT_ROOT>/build/ModuleCache/ObjectiveC-B9MOKA02RFQGD5BEJ843602XD.pcm

SwiftExplicitDependencyGeneratePcm arm64 <ARTIFACT_ROOT>/build/ModuleCache/ObjectiveC-2P0JZKYMNEELQMZU5Z8J7P5GU.pcm

SwiftExplicitDependencyGeneratePcm arm64 <ARTIFACT_ROOT>/build/ModuleCache/MachO-A0MIMD7WFSYP6Y12LQDGW2XSV.pcm

SwiftExplicitDependencyGeneratePcm x86_64 <ARTIFACT_ROOT>/build/ModuleCache/simd-8JVCQ0GOU16ESMAZ2F5ONFPFJ.pcm

SwiftExplicitDependencyGeneratePcm x86_64 <ARTIFACT_ROOT>/build/ModuleCache/os_object-4L1KFG2F1NPA9OHSGUT6XBFHG.pcm

SwiftExplicitDependencyGeneratePcm arm64 <ARTIFACT_ROOT>/build/ModuleCache/os_object-3ZDM7KBMUZTXRDX9DWH7DQW8R.pcm

SwiftExplicitDependencyGeneratePcm x86_64 <ARTIFACT_ROOT>/build/ModuleCache/os_workgroup-18OEKLQU25EIZ7C5I9Y15CAE0.pcm

SwiftExplicitDependencyGeneratePcm arm64 <ARTIFACT_ROOT>/build/ModuleCache/os_workgroup-9HN9D27RNLHOXZFCICX8XXUO6.pcm

SwiftExplicitDependencyGeneratePcm x86_64 <ARTIFACT_ROOT>/build/ModuleCache/Dispatch-CIC4XF4UJES3GKEF6K8I5W853.pcm

SwiftExplicitDependencyGeneratePcm arm64 <ARTIFACT_ROOT>/build/ModuleCache/Dispatch-CKCID1N83CWMTL6L0P112C4SY.pcm

SwiftExplicitDependencyGeneratePcm x86_64 <ARTIFACT_ROOT>/build/ModuleCache/CoreFoundation-E9172BX3XNFEVDSHIUTJUM5M9.pcm

SwiftExplicitDependencyGeneratePcm x86_64 <ARTIFACT_ROOT>/build/ModuleCache/XPC-BI5RGHTAB223H6SUNXFJV4IC1.pcm

SwiftExplicitDependencyGeneratePcm arm64 <ARTIFACT_ROOT>/build/ModuleCache/Spatial-1RAYG4AETN8PFDTN110GPF9CL.pcm

SwiftExplicitDependencyGeneratePcm arm64 <ARTIFACT_ROOT>/build/ModuleCache/CoreFoundation-AYAEV0XRWGNUMIPHG61PQQC30.pcm

SwiftExplicitDependencyGeneratePcm arm64 <ARTIFACT_ROOT>/build/ModuleCache/XPC-5JD0H0Y5LAKIN9KMSC5O7WFOI.pcm

SwiftExplicitDependencyGeneratePcm x86_64 <ARTIFACT_ROOT>/build/ModuleCache/os-9OZUPA0VWP986OMDY03AMJNIG.pcm

SwiftExplicitDependencyGeneratePcm x86_64 <ARTIFACT_ROOT>/build/ModuleCache/Security-E181BBUEH59HRL9AO3MEYTBXF.pcm

SwiftExplicitDependencyGeneratePcm x86_64 <ARTIFACT_ROOT>/build/ModuleCache/CoreGraphics-E2U9WKI2ZJ0ON6K2D6JW0I2B0.pcm

SwiftExplicitDependencyGeneratePcm x86_64 <ARTIFACT_ROOT>/build/ModuleCache/CFNetwork-9S025KT2IZ5HK7GX2C11DDR0D.pcm

SwiftExplicitDependencyGeneratePcm arm64 <ARTIFACT_ROOT>/build/ModuleCache/os-4V4FCL4TFSYE4FXDQXL0XCM62.pcm

SwiftExplicitDependencyGeneratePcm arm64 <ARTIFACT_ROOT>/build/ModuleCache/CFNetwork-D9LJEU2OFI5VY95BT9GDR5EZA.pcm

SwiftExplicitDependencyGeneratePcm arm64 <ARTIFACT_ROOT>/build/ModuleCache/Security-6L5PSATG1803YFP4USGUI1TZZ.pcm

SwiftExplicitDependencyGeneratePcm arm64 <ARTIFACT_ROOT>/build/ModuleCache/CoreGraphics-80NV57JBMO7W5C2Q9NVZX3DKG.pcm

SwiftExplicitDependencyGeneratePcm x86_64 <ARTIFACT_ROOT>/build/ModuleCache/Spatial-8X0PXKLIQ162Z9B47HPN63MB3.pcm

SwiftExplicitDependencyGeneratePcm x86_64 <ARTIFACT_ROOT>/build/ModuleCache/Foundation-D8Y687Q6UGOPBC8OCXGAQLMPW.pcm

SwiftExplicitDependencyGeneratePcm x86_64 <ARTIFACT_ROOT>/build/ModuleCache/ImageIO-C76HYSO15DE1O2ZDY2HU7HGYM.pcm

SwiftExplicitDependencyGeneratePcm x86_64 <ARTIFACT_ROOT>/build/ModuleCache/CoreText-2752A64HJOG177NYVO7WQDAYS.pcm

SwiftExplicitDependencyGeneratePcm arm64 <ARTIFACT_ROOT>/build/ModuleCache/CoreText-21U8BMQR2OM8U8HB0I8MVK2NJ.pcm

SwiftExplicitDependencyGeneratePcm arm64 <ARTIFACT_ROOT>/build/ModuleCache/ImageIO-F45Z002TPXHKKBY43187ZJXMY.pcm

SwiftExplicitDependencyGeneratePcm arm64 <ARTIFACT_ROOT>/build/ModuleCache/Foundation-55W2FLPUFWL660BNCMN7JFV12.pcm

SwiftExplicitDependencyGeneratePcm x86_64 <ARTIFACT_ROOT>/build/ModuleCache/OpenGLES-C7B2Y35C1JJI6JS2RVUNUE5LO.pcm

SwiftExplicitDependencyGeneratePcm x86_64 <ARTIFACT_ROOT>/build/ModuleCache/CoreData-2V6YEID80INQJ921TFZ1MGREB.pcm

SwiftExplicitDependencyGeneratePcm x86_64 <ARTIFACT_ROOT>/build/ModuleCache/UniformTypeIdentifiers-67JG41AQT20TGXERAI3HKLIZO.pcm

SwiftExplicitDependencyGeneratePcm x86_64 <ARTIFACT_ROOT>/build/ModuleCache/OSLog-60NBBII2F2FPX59N84SYSDA39.pcm

SwiftExplicitDependencyGeneratePcm x86_64 <ARTIFACT_ROOT>/build/ModuleCache/Accessibility-B0NPMWQJ0TGSW17IO8V2TAWNO.pcm

SwiftExplicitDependencyGeneratePcm x86_64 <ARTIFACT_ROOT>/build/ModuleCache/_LocationEssentials-C279OFOXTLN4UT5P74S0BJQ7B.pcm

SwiftExplicitDependencyGeneratePcm x86_64 <ARTIFACT_ROOT>/build/ModuleCache/DataDetection-BVCDB5KM60UD2JP6Q1XC5TVDN.pcm

SwiftExplicitDependencyGeneratePcm x86_64 <ARTIFACT_ROOT>/build/ModuleCache/Symbols-9416EZSYAZG1OI4Y38CKWLLZX.pcm

SwiftExplicitDependencyGeneratePcm x86_64 <ARTIFACT_ROOT>/build/ModuleCache/CoreTransferable-BVHDQA7TXA3ZQ2XWZ3BP83HHY.pcm

SwiftExplicitDependencyGeneratePcm x86_64 <ARTIFACT_ROOT>/build/ModuleCache/UIUtilities-C15Q9C1Y44ACI6AVMES5J7YOL.pcm

SwiftExplicitDependencyGeneratePcm x86_64 <ARTIFACT_ROOT>/build/ModuleCache/FileProvider-DBMWLOSYJE980Z3H6CBVYRXMD.pcm

SwiftExplicitDependencyGeneratePcm arm64 <ARTIFACT_ROOT>/build/ModuleCache/OSLog-BW6DQ7JOQOWI1DWXHW5PG7Q65.pcm

SwiftExplicitDependencyGeneratePcm arm64 <ARTIFACT_ROOT>/build/ModuleCache/Symbols-BPQMWMQRO6MQY9ZOMY78OZFQO.pcm

SwiftExplicitDependencyGeneratePcm arm64 <ARTIFACT_ROOT>/build/ModuleCache/OpenGLES-16KX1Z1BE8347FPCFG694PELB.pcm

SwiftExplicitDependencyGeneratePcm arm64 <ARTIFACT_ROOT>/build/ModuleCache/Accessibility-3W53C8HNWDKUS9B2OTVMLWEEF.pcm

SwiftExplicitDependencyGeneratePcm x86_64 <ARTIFACT_ROOT>/build/ModuleCache/CoreLocation-A8N6MDC4FOUSDCADJ9OGMOJBS.pcm

SwiftExplicitDependencyGeneratePcm arm64 <ARTIFACT_ROOT>/build/ModuleCache/_LocationEssentials-7VK9IXGP5HZTIHN4NX5GGHWES.pcm

SwiftExplicitDependencyGeneratePcm arm64 <ARTIFACT_ROOT>/build/ModuleCache/UniformTypeIdentifiers-C73DZ8M5BMY1O6ZW1YLL3SYQS.pcm

SwiftExplicitDependencyGeneratePcm arm64 <ARTIFACT_ROOT>/build/ModuleCache/UserNotifications-4285VG53B0IZJE71XWJ2JUIHN.pcm

SwiftExplicitDependencyGeneratePcm arm64 <ARTIFACT_ROOT>/build/ModuleCache/CoreTransferable-6IH7HUQ7WRGBSHQCDATRU88VL.pcm

SwiftExplicitDependencyGeneratePcm arm64 <ARTIFACT_ROOT>/build/ModuleCache/FileProvider-5COSGO84SO0AZQGTPG9W30A47.pcm

SwiftExplicitDependencyGeneratePcm arm64 <ARTIFACT_ROOT>/build/ModuleCache/IOSurface-DTEUK4821QXLEOT3P87JSXWJ4.pcm

SwiftExplicitDependencyGeneratePcm x86_64 <ARTIFACT_ROOT>/build/ModuleCache/UserNotifications-2WTYCPWTB75X7CLGKSYBT88PA.pcm

SwiftExplicitDependencyGeneratePcm arm64 <ARTIFACT_ROOT>/build/ModuleCache/CoreData-RFGTBGOG2AH806JB2910CTZW.pcm

SwiftExplicitDependencyGeneratePcm arm64 <ARTIFACT_ROOT>/build/ModuleCache/CoreLocation-4NZ6QGDGIE7M08TX1LMQZX7EG.pcm

SwiftExplicitDependencyGeneratePcm arm64 <ARTIFACT_ROOT>/build/ModuleCache/DataDetection-1VCYLITZOD1DZ3XLYPJLHT6UI.pcm

SwiftExplicitDependencyGeneratePcm arm64 <ARTIFACT_ROOT>/build/ModuleCache/UIUtilities-6MQ3YNHV38JR4SP4W7YEVKLMG.pcm

SwiftExplicitDependencyGeneratePcm x86_64 <ARTIFACT_ROOT>/build/ModuleCache/IOSurface-BI7HS29222KDJACL8LVS0FL4Z.pcm

SwiftExplicitDependencyGeneratePcm arm64 <ARTIFACT_ROOT>/build/ModuleCache/Metal-3HMD5SD5VYOHPFD0ZLI8JD3PW.pcm

SwiftExplicitDependencyGeneratePcm x86_64 <ARTIFACT_ROOT>/build/ModuleCache/Metal-49U55BRHDE0WO9VJF7E2RRW9N.pcm

SwiftExplicitDependencyGeneratePcm arm64 <ARTIFACT_ROOT>/build/ModuleCache/CoreVideo-3E87EE1U9ETQ4IKJ4SLN9ZJX6.pcm

SwiftExplicitDependencyGeneratePcm x86_64 <ARTIFACT_ROOT>/build/ModuleCache/CoreVideo-DEKT8T5V0YY84TUTJQ0HGOGBW.pcm

SwiftExplicitDependencyGeneratePcm arm64 <ARTIFACT_ROOT>/build/ModuleCache/CoreImage-9S8XZHATI6PEZVN22AY98A50C.pcm

SwiftExplicitDependencyGeneratePcm arm64 <ARTIFACT_ROOT>/build/ModuleCache/QuartzCore-4HCJCOYXKPXQ1HTRU83P4QNIK.pcm

SwiftExplicitDependencyGeneratePcm x86_64 <ARTIFACT_ROOT>/build/ModuleCache/QuartzCore-89M6ODXXW563OD1A9WV9S2QXN.pcm

SwiftExplicitDependencyGeneratePcm x86_64 <ARTIFACT_ROOT>/build/ModuleCache/CoreImage-ESGFUE2R6AMJ7038N9DDJ09OT.pcm

SwiftExplicitDependencyGeneratePcm arm64 <ARTIFACT_ROOT>/build/ModuleCache/SwiftUICore-9DYBE2ND4ZD9HXEM5R8JGWG2Y.pcm

SwiftExplicitDependencyGeneratePcm x86_64 <ARTIFACT_ROOT>/build/ModuleCache/SwiftUICore-CWLQIPDQNS9DRC8SB86Z1VFMP.pcm

SwiftExplicitDependencyGeneratePcm arm64 <ARTIFACT_ROOT>/build/ModuleCache/UIKit-17RTZ2RNPWROIDW9M44GNW45N.pcm

SwiftExplicitDependencyGeneratePcm x86_64 <ARTIFACT_ROOT>/build/ModuleCache/UIKit-BT0EDN6PZ1KBQKTSMPYRBKCF8.pcm

SwiftExplicitDependencyGeneratePcm arm64 <ARTIFACT_ROOT>/build/ModuleCache/SwiftUI-7SYQ8VW12ISW0OMUUHPPD4I0V.pcm

SwiftExplicitDependencyGeneratePcm x86_64 <ARTIFACT_ROOT>/build/ModuleCache/SwiftUI-411Y3W1LAN1WFK7SB0Y11VNT8.pcm

SwiftCompile normal x86_64 Compiling\ GeneratedAssetSymbols.swift <ARTIFACT_ROOT>/build/Intermediates/QuakeSignal.build/Debug-iphonesimulator/QuakeSignalWatch.build/DerivedSources/GeneratedAssetSymbols.swift (in target 'QuakeSignalWatch' from project 'QuakeSignal')

SwiftCompile normal x86_64 <ARTIFACT_ROOT>/build/Intermediates/QuakeSignal.build/Debug-iphonesimulator/QuakeSignalWatch.build/DerivedSources/GeneratedAssetSymbols.swift (in target 'QuakeSignalWatch' from project 'QuakeSignal')
    cd <SOURCE_ROOT>/ios


SwiftCompile normal x86_64 Compiling\ WatchDashboardView.swift <SOURCE_ROOT>/ios/QuakeSignalWatch/WatchDashboardView.swift (in target 'QuakeSignalWatch' from project 'QuakeSignal')

SwiftCompile normal x86_64 <SOURCE_ROOT>/ios/QuakeSignalWatch/WatchDashboardView.swift (in target 'QuakeSignalWatch' from project 'QuakeSignal')
    cd <SOURCE_ROOT>/ios


SwiftCompile normal x86_64 Compiling\ WolfxClient.swift <SOURCE_ROOT>/ios/QuakeSignal/Networking/WolfxClient.swift (in target 'QuakeSignalWatch' from project 'QuakeSignal')

SwiftCompile normal x86_64 <SOURCE_ROOT>/ios/QuakeSignal/Networking/WolfxClient.swift (in target 'QuakeSignalWatch' from project 'QuakeSignal')
    cd <SOURCE_ROOT>/ios


SwiftCompile normal x86_64 Compiling\ IntensityScale.swift <SOURCE_ROOT>/ios/QuakeSignal/Models/IntensityScale.swift (in target 'QuakeSignalWatch' from project 'QuakeSignal')

SwiftCompile normal x86_64 <SOURCE_ROOT>/ios/QuakeSignal/Models/IntensityScale.swift (in target 'QuakeSignalWatch' from project 'QuakeSignal')
    cd <SOURCE_ROOT>/ios


SwiftEmitModule normal x86_64 Emitting\ module\ for\ QuakeSignalWatch (in target 'QuakeSignalWatch' from project 'QuakeSignal')

EmitSwiftModule normal x86_64 (in target 'QuakeSignalWatch' from project 'QuakeSignal')
    cd <SOURCE_ROOT>/ios


SwiftCompile normal x86_64 Compiling\ Localization.swift <SOURCE_ROOT>/ios/QuakeSignal/App/Localization.swift (in target 'QuakeSignalWatch' from project 'QuakeSignal')

SwiftCompile normal x86_64 <SOURCE_ROOT>/ios/QuakeSignal/App/Localization.swift (in target 'QuakeSignalWatch' from project 'QuakeSignal')
    cd <SOURCE_ROOT>/ios


SwiftCompile normal x86_64 Compiling\ ScreenshotAutomation.swift <SOURCE_ROOT>/ios/QuakeSignalShared/ScreenshotAutomation.swift (in target 'QuakeSignalWatch' from project 'QuakeSignal')

SwiftCompile normal x86_64 <SOURCE_ROOT>/ios/QuakeSignalShared/ScreenshotAutomation.swift (in target 'QuakeSignalWatch' from project 'QuakeSignal')
    cd <SOURCE_ROOT>/ios


SwiftCompile normal x86_64 Compiling\ QuakeSignalWatchApp.swift <SOURCE_ROOT>/ios/QuakeSignalWatch/QuakeSignalWatchApp.swift (in target 'QuakeSignalWatch' from project 'QuakeSignal')

SwiftCompile normal x86_64 <SOURCE_ROOT>/ios/QuakeSignalWatch/QuakeSignalWatchApp.swift (in target 'QuakeSignalWatch' from project 'QuakeSignal')
    cd <SOURCE_ROOT>/ios


SwiftCompile normal x86_64 Compiling\ ForegroundQuakeStore.swift <SOURCE_ROOT>/ios/QuakeSignalShared/ForegroundQuakeStore.swift (in target 'QuakeSignalWatch' from project 'QuakeSignal')

SwiftCompile normal x86_64 <SOURCE_ROOT>/ios/QuakeSignalShared/ForegroundQuakeStore.swift (in target 'QuakeSignalWatch' from project 'QuakeSignal')
    cd <SOURCE_ROOT>/ios


SwiftEmitModule normal arm64 Emitting\ module\ for\ QuakeSignalWatch (in target 'QuakeSignalWatch' from project 'QuakeSignal')

EmitSwiftModule normal arm64 (in target 'QuakeSignalWatch' from project 'QuakeSignal')
    cd <SOURCE_ROOT>/ios


SwiftDriverJobDiscovery normal x86_64 Compiling Localization.swift (in target 'QuakeSignalWatch' from project 'QuakeSignal')

SwiftCompile normal arm64 Compiling\ WolfxClient.swift <SOURCE_ROOT>/ios/QuakeSignal/Networking/WolfxClient.swift (in target 'QuakeSignalWatch' from project 'QuakeSignal')

SwiftCompile normal arm64 <SOURCE_ROOT>/ios/QuakeSignal/Networking/WolfxClient.swift (in target 'QuakeSignalWatch' from project 'QuakeSignal')
    cd <SOURCE_ROOT>/ios


SwiftDriverJobDiscovery normal x86_64 Compiling GeneratedAssetSymbols.swift (in target 'QuakeSignalWatch' from project 'QuakeSignal')

SwiftCompile normal arm64 Compiling\ ForegroundQuakeStore.swift <SOURCE_ROOT>/ios/QuakeSignalShared/ForegroundQuakeStore.swift (in target 'QuakeSignalWatch' from project 'QuakeSignal')

SwiftCompile normal arm64 <SOURCE_ROOT>/ios/QuakeSignalShared/ForegroundQuakeStore.swift (in target 'QuakeSignalWatch' from project 'QuakeSignal')
    cd <SOURCE_ROOT>/ios


SwiftDriverJobDiscovery normal x86_64 Compiling IntensityScale.swift (in target 'QuakeSignalWatch' from project 'QuakeSignal')

SwiftCompile normal arm64 Compiling\ EEWEvent.swift <SOURCE_ROOT>/ios/QuakeSignal/Models/EEWEvent.swift (in target 'QuakeSignalWatch' from project 'QuakeSignal')

SwiftCompile normal arm64 <SOURCE_ROOT>/ios/QuakeSignal/Models/EEWEvent.swift (in target 'QuakeSignalWatch' from project 'QuakeSignal')
    cd <SOURCE_ROOT>/ios


SwiftDriverJobDiscovery normal x86_64 Compiling QuakeSignalWatchApp.swift (in target 'QuakeSignalWatch' from project 'QuakeSignal')

SwiftCompile normal arm64 Compiling\ Localization.swift <SOURCE_ROOT>/ios/QuakeSignal/App/Localization.swift (in target 'QuakeSignalWatch' from project 'QuakeSignal')

SwiftCompile normal arm64 <SOURCE_ROOT>/ios/QuakeSignal/App/Localization.swift (in target 'QuakeSignalWatch' from project 'QuakeSignal')
    cd <SOURCE_ROOT>/ios


SwiftDriverJobDiscovery normal x86_64 Compiling ScreenshotAutomation.swift (in target 'QuakeSignalWatch' from project 'QuakeSignal')

SwiftCompile normal arm64 Compiling\ GeneratedAssetSymbols.swift <ARTIFACT_ROOT>/build/Intermediates/QuakeSignal.build/Debug-iphonesimulator/QuakeSignalWatch.build/DerivedSources/GeneratedAssetSymbols.swift (in target 'QuakeSignalWatch' from project 'QuakeSignal')

SwiftCompile normal arm64 <ARTIFACT_ROOT>/build/Intermediates/QuakeSignal.build/Debug-iphonesimulator/QuakeSignalWatch.build/DerivedSources/GeneratedAssetSymbols.swift (in target 'QuakeSignalWatch' from project 'QuakeSignal')
    cd <SOURCE_ROOT>/ios


SwiftDriverJobDiscovery normal x86_64 Emitting module for QuakeSignalWatch (in target 'QuakeSignalWatch' from project 'QuakeSignal')

SwiftDriver\ Compilation\ Requirements QuakeSignalWatch normal x86_64 com.apple.xcode.tools.swift.compiler (in target 'QuakeSignalWatch' from project 'QuakeSignal')
    cd <SOURCE_ROOT>/ios
    builtin-Swift-Compilation-Requirements -- <XCODE_APP>/Contents/Developer/Toolchains/XcodeDefault.xctoolchain/usr/bin/swiftc -module-name QuakeSignalWatch -Onone @<ARTIFACT_ROOT>/build/Intermediates/QuakeSignal.build/Debug-iphonesimulator/QuakeSignalWatch.build/Objects-normal/x86_64/QuakeSignalWatch.SwiftFileList -DDEBUG -enable-experimental-feature DebugDescriptionMacro -sdk <XCODE_APP>/Contents/Developer/Platforms/iPhoneSimulator.platform/Developer/SDKs/iPhoneSimulator26.5.sdk -target x86_64-apple-ios17.0-simulator -g -module-cache-path <ARTIFACT_ROOT>/build/ModuleCache -Xfrontend -serialize-debugging-options -enable-testing -Xcc -D_LIBCPP_HARDENING_MODE\=_LIBCPP_HARDENING_MODE_DEBUG -swift-version 6 -I <ARTIFACT_ROOT>/build/Products/Debug-iphonesimulator -F <ARTIFACT_ROOT>/build/Products/Debug-iphonesimulator -c -j10 -enable-batch-mode -incremental -Xcc -ivfsstatcache -Xcc <ARTIFACT_ROOT>/xcode-cache/26.6-17F113/Xcode/26.6-17F113/Xcode/SDKStatCaches.noindex/iphonesimulator26.5-23F81a-1f122a3c1253c0e3a2240b2508b6516f.sdkstatcache -output-file-map <ARTIFACT_ROOT>/build/Intermediates/QuakeSignal.build/Debug-iphonesimulator/QuakeSignalWatch.build/Objects-normal/x86_64/QuakeSignalWatch-OutputFileMap.json -use-frontend-parseable-output -save-temps -no-color-diagnostics -explicit-module-build -module-cache-path <ARTIFACT_ROOT>/build/Intermediates/SwiftExplicitPrecompiledModules -clang-scanner-module-cache-path <ARTIFACT_ROOT>/build/ModuleCache -sdk-module-cache-path <ARTIFACT_ROOT>/build/ModuleCache -serialize-diagnostics -emit-dependencies -emit-module -emit-module-path <ARTIFACT_ROOT>/build/Intermediates/QuakeSignal.build/Debug-iphonesimulator/QuakeSignalWatch.build/Objects-normal/x86_64/QuakeSignalWatch.swiftmodule -validate-clang-modules-once -clang-build-session-file <ARTIFACT_ROOT>/xcode-cache/26.6-17F113/Xcode/ModuleCache.noindex/Session.modulevalidation -Xcc -I<ARTIFACT_ROOT>/build/Intermediates/QuakeSignal.build/Debug-iphonesimulator/QuakeSignalWatch.build/swift-overrides.hmap -emit-const-values -Xfrontend -const-gather-protocols-file -Xfrontend <ARTIFACT_ROOT>/build/Intermediates/QuakeSignal.build/Debug-iphonesimulator/QuakeSignalWatch.build/Objects-normal/x86_64/QuakeSignalWatch_const_extract_protocols.json -Xcc -iquote -Xcc <ARTIFACT_ROOT>/build/Intermediates/QuakeSignal.build/Debug-iphonesimulator/QuakeSignalWatch.build/QuakeSignalWatch-generated-files.hmap -Xcc -I<ARTIFACT_ROOT>/build/Intermediates/QuakeSignal.build/Debug-iphonesimulator/QuakeSignalWatch.build/QuakeSignalWatch-own-target-headers.hmap -Xcc -I<ARTIFACT_ROOT>/build/Intermediates/QuakeSignal.build/Debug-iphonesimulator/QuakeSignalWatch.build/QuakeSignalWatch-all-target-headers.hmap -Xcc -iquote -Xcc <ARTIFACT_ROOT>/build/Intermediates/QuakeSignal.build/Debug-iphonesimulator/QuakeSignalWatch.build/QuakeSignalWatch-project-headers.hmap -Xcc -I<ARTIFACT_ROOT>/build/Products/Debug-iphonesimulator/include -Xcc -I<ARTIFACT_ROOT>/build/Intermediates/QuakeSignal.build/Debug-iphonesimulator/QuakeSignalWatch.build/DerivedSources-normal/x86_64 -Xcc -I<ARTIFACT_ROOT>/build/Intermediates/QuakeSignal.build/Debug-iphonesimulator/QuakeSignalWatch.build/DerivedSources/x86_64 -Xcc -I<ARTIFACT_ROOT>/build/Intermediates/QuakeSignal.build/Debug-iphonesimulator/QuakeSignalWatch.build/DerivedSources -Xcc -DDEBUG\=1 -emit-objc-header -emit-objc-header-path <ARTIFACT_ROOT>/build/Intermediates/QuakeSignal.build/Debug-iphonesimulator/QuakeSignalWatch.build/Objects-normal/x86_64/QuakeSignalWatch-Swift.h -working-directory <SOURCE_ROOT>/ios -experimental-emit-module-separately -disable-cmo

SwiftDriverJobDiscovery normal arm64 Compiling Localization.swift (in target 'QuakeSignalWatch' from project 'QuakeSignal')

SwiftCompile normal arm64 Compiling\ QuakeSignalWatchApp.swift <SOURCE_ROOT>/ios/QuakeSignalWatch/QuakeSignalWatchApp.swift (in target 'QuakeSignalWatch' from project 'QuakeSignal')

SwiftCompile normal arm64 <SOURCE_ROOT>/ios/QuakeSignalWatch/QuakeSignalWatchApp.swift (in target 'QuakeSignalWatch' from project 'QuakeSignal')
    cd <SOURCE_ROOT>/ios


SwiftCompile normal arm64 Compiling\ WatchDashboardView.swift <SOURCE_ROOT>/ios/QuakeSignalWatch/WatchDashboardView.swift (in target 'QuakeSignalWatch' from project 'QuakeSignal')

SwiftCompile normal arm64 <SOURCE_ROOT>/ios/QuakeSignalWatch/WatchDashboardView.swift (in target 'QuakeSignalWatch' from project 'QuakeSignal')
    cd <SOURCE_ROOT>/ios


SwiftDriverJobDiscovery normal x86_64 Compiling ForegroundQuakeStore.swift (in target 'QuakeSignalWatch' from project 'QuakeSignal')

SwiftDriverJobDiscovery normal arm64 Compiling GeneratedAssetSymbols.swift (in target 'QuakeSignalWatch' from project 'QuakeSignal')

Copy <ARTIFACT_ROOT>/build/Products/Debug-iphonesimulator/QuakeSignalWatch.swiftmodule/x86_64-apple-ios-simulator.swiftmodule <ARTIFACT_ROOT>/build/Intermediates/QuakeSignal.build/Debug-iphonesimulator/QuakeSignalWatch.build/Objects-normal/x86_64/QuakeSignalWatch.swiftmodule (in target 'QuakeSignalWatch' from project 'QuakeSignal')
    cd <SOURCE_ROOT>/ios
    builtin-copy -exclude .DS_Store -exclude CVS -exclude .svn -exclude .git -exclude .hg -resolve-src-symlinks -rename <ARTIFACT_ROOT>/build/Intermediates/QuakeSignal.build/Debug-iphonesimulator/QuakeSignalWatch.build/Objects-normal/x86_64/QuakeSignalWatch.swiftmodule <ARTIFACT_ROOT>/build/Products/Debug-iphonesimulator/QuakeSignalWatch.swiftmodule/x86_64-apple-ios-simulator.swiftmodule

Copy <ARTIFACT_ROOT>/build/Products/Debug-iphonesimulator/QuakeSignalWatch.swiftmodule/x86_64-apple-ios-simulator.swiftdoc <ARTIFACT_ROOT>/build/Intermediates/QuakeSignal.build/Debug-iphonesimulator/QuakeSignalWatch.build/Objects-normal/x86_64/QuakeSignalWatch.swiftdoc (in target 'QuakeSignalWatch' from project 'QuakeSignal')
    cd <SOURCE_ROOT>/ios
    builtin-copy -exclude .DS_Store -exclude CVS -exclude .svn -exclude .git -exclude .hg -resolve-src-symlinks -rename <ARTIFACT_ROOT>/build/Intermediates/QuakeSignal.build/Debug-iphonesimulator/QuakeSignalWatch.build/Objects-normal/x86_64/QuakeSignalWatch.swiftdoc <ARTIFACT_ROOT>/build/Products/Debug-iphonesimulator/QuakeSignalWatch.swiftmodule/x86_64-apple-ios-simulator.swiftdoc

Copy <ARTIFACT_ROOT>/build/Products/Debug-iphonesimulator/QuakeSignalWatch.swiftmodule/x86_64-apple-ios-simulator.abi.json <ARTIFACT_ROOT>/build/Intermediates/QuakeSignal.build/Debug-iphonesimulator/QuakeSignalWatch.build/Objects-normal/x86_64/QuakeSignalWatch.abi.json (in target 'QuakeSignalWatch' from project 'QuakeSignal')
    cd <SOURCE_ROOT>/ios
    builtin-copy -exclude .DS_Store -exclude CVS -exclude .svn -exclude .git -exclude .hg -resolve-src-symlinks -rename <ARTIFACT_ROOT>/build/Intermediates/QuakeSignal.build/Debug-iphonesimulator/QuakeSignalWatch.build/Objects-normal/x86_64/QuakeSignalWatch.abi.json <ARTIFACT_ROOT>/build/Products/Debug-iphonesimulator/QuakeSignalWatch.swiftmodule/x86_64-apple-ios-simulator.abi.json

Copy <ARTIFACT_ROOT>/build/Products/Debug-iphonesimulator/QuakeSignalWatch.swiftmodule/Project/x86_64-apple-ios-simulator.swiftsourceinfo <ARTIFACT_ROOT>/build/Intermediates/QuakeSignal.build/Debug-iphonesimulator/QuakeSignalWatch.build/Objects-normal/x86_64/QuakeSignalWatch.swiftsourceinfo (in target 'QuakeSignalWatch' from project 'QuakeSignal')
    cd <SOURCE_ROOT>/ios
    builtin-copy -exclude .DS_Store -exclude CVS -exclude .svn -exclude .git -exclude .hg -resolve-src-symlinks -rename <ARTIFACT_ROOT>/build/Intermediates/QuakeSignal.build/Debug-iphonesimulator/QuakeSignalWatch.build/Objects-normal/x86_64/QuakeSignalWatch.swiftsourceinfo <ARTIFACT_ROOT>/build/Products/Debug-iphonesimulator/QuakeSignalWatch.swiftmodule/Project/x86_64-apple-ios-simulator.swiftsourceinfo

SwiftCompile normal x86_64 Compiling\ EEWEvent.swift <SOURCE_ROOT>/ios/QuakeSignal/Models/EEWEvent.swift (in target 'QuakeSignalWatch' from project 'QuakeSignal')

SwiftCompile normal x86_64 <SOURCE_ROOT>/ios/QuakeSignal/Models/EEWEvent.swift (in target 'QuakeSignalWatch' from project 'QuakeSignal')
    cd <SOURCE_ROOT>/ios


SwiftCompile normal arm64 Compiling\ ScreenshotAutomation.swift <SOURCE_ROOT>/ios/QuakeSignalShared/ScreenshotAutomation.swift (in target 'QuakeSignalWatch' from project 'QuakeSignal')

SwiftCompile normal arm64 <SOURCE_ROOT>/ios/QuakeSignalShared/ScreenshotAutomation.swift (in target 'QuakeSignalWatch' from project 'QuakeSignal')
    cd <SOURCE_ROOT>/ios


SwiftDriverJobDiscovery normal arm64 Emitting module for QuakeSignalWatch (in target 'QuakeSignalWatch' from project 'QuakeSignal')

SwiftDriver\ Compilation\ Requirements QuakeSignalWatch normal arm64 com.apple.xcode.tools.swift.compiler (in target 'QuakeSignalWatch' from project 'QuakeSignal')
    cd <SOURCE_ROOT>/ios
    builtin-Swift-Compilation-Requirements -- <XCODE_APP>/Contents/Developer/Toolchains/XcodeDefault.xctoolchain/usr/bin/swiftc -module-name QuakeSignalWatch -Onone @<ARTIFACT_ROOT>/build/Intermediates/QuakeSignal.build/Debug-iphonesimulator/QuakeSignalWatch.build/Objects-normal/arm64/QuakeSignalWatch.SwiftFileList -DDEBUG -enable-experimental-feature DebugDescriptionMacro -sdk <XCODE_APP>/Contents/Developer/Platforms/iPhoneSimulator.platform/Developer/SDKs/iPhoneSimulator26.5.sdk -target arm64-apple-ios17.0-simulator -g -module-cache-path <ARTIFACT_ROOT>/build/ModuleCache -Xfrontend -serialize-debugging-options -enable-testing -Xcc -D_LIBCPP_HARDENING_MODE\=_LIBCPP_HARDENING_MODE_DEBUG -swift-version 6 -I <ARTIFACT_ROOT>/build/Products/Debug-iphonesimulator -F <ARTIFACT_ROOT>/build/Products/Debug-iphonesimulator -c -j10 -enable-batch-mode -incremental -Xcc -ivfsstatcache -Xcc <ARTIFACT_ROOT>/xcode-cache/26.6-17F113/Xcode/26.6-17F113/Xcode/SDKStatCaches.noindex/iphonesimulator26.5-23F81a-1f122a3c1253c0e3a2240b2508b6516f.sdkstatcache -output-file-map <ARTIFACT_ROOT>/build/Intermediates/QuakeSignal.build/Debug-iphonesimulator/QuakeSignalWatch.build/Objects-normal/arm64/QuakeSignalWatch-OutputFileMap.json -use-frontend-parseable-output -save-temps -no-color-diagnostics -explicit-module-build -module-cache-path <ARTIFACT_ROOT>/build/Intermediates/SwiftExplicitPrecompiledModules -clang-scanner-module-cache-path <ARTIFACT_ROOT>/build/ModuleCache -sdk-module-cache-path <ARTIFACT_ROOT>/build/ModuleCache -serialize-diagnostics -emit-dependencies -emit-module -emit-module-path <ARTIFACT_ROOT>/build/Intermediates/QuakeSignal.build/Debug-iphonesimulator/QuakeSignalWatch.build/Objects-normal/arm64/QuakeSignalWatch.swiftmodule -validate-clang-modules-once -clang-build-session-file <ARTIFACT_ROOT>/xcode-cache/26.6-17F113/Xcode/ModuleCache.noindex/Session.modulevalidation -Xcc -I<ARTIFACT_ROOT>/build/Intermediates/QuakeSignal.build/Debug-iphonesimulator/QuakeSignalWatch.build/swift-overrides.hmap -emit-const-values -Xfrontend -const-gather-protocols-file -Xfrontend <ARTIFACT_ROOT>/build/Intermediates/QuakeSignal.build/Debug-iphonesimulator/QuakeSignalWatch.build/Objects-normal/arm64/QuakeSignalWatch_const_extract_protocols.json -Xcc -iquote -Xcc <ARTIFACT_ROOT>/build/Intermediates/QuakeSignal.build/Debug-iphonesimulator/QuakeSignalWatch.build/QuakeSignalWatch-generated-files.hmap -Xcc -I<ARTIFACT_ROOT>/build/Intermediates/QuakeSignal.build/Debug-iphonesimulator/QuakeSignalWatch.build/QuakeSignalWatch-own-target-headers.hmap -Xcc -I<ARTIFACT_ROOT>/build/Intermediates/QuakeSignal.build/Debug-iphonesimulator/QuakeSignalWatch.build/QuakeSignalWatch-all-target-headers.hmap -Xcc -iquote -Xcc <ARTIFACT_ROOT>/build/Intermediates/QuakeSignal.build/Debug-iphonesimulator/QuakeSignalWatch.build/QuakeSignalWatch-project-headers.hmap -Xcc -I<ARTIFACT_ROOT>/build/Products/Debug-iphonesimulator/include -Xcc -I<ARTIFACT_ROOT>/build/Intermediates/QuakeSignal.build/Debug-iphonesimulator/QuakeSignalWatch.build/DerivedSources-normal/arm64 -Xcc -I<ARTIFACT_ROOT>/build/Intermediates/QuakeSignal.build/Debug-iphonesimulator/QuakeSignalWatch.build/DerivedSources/arm64 -Xcc -I<ARTIFACT_ROOT>/build/Intermediates/QuakeSignal.build/Debug-iphonesimulator/QuakeSignalWatch.build/DerivedSources -Xcc -DDEBUG\=1 -emit-objc-header -emit-objc-header-path <ARTIFACT_ROOT>/build/Intermediates/QuakeSignal.build/Debug-iphonesimulator/QuakeSignalWatch.build/Objects-normal/arm64/QuakeSignalWatch-Swift.h -working-directory <SOURCE_ROOT>/ios -experimental-emit-module-separately -disable-cmo

SwiftDriverJobDiscovery normal arm64 Compiling ForegroundQuakeStore.swift (in target 'QuakeSignalWatch' from project 'QuakeSignal')

SwiftCompile normal arm64 Compiling\ IntensityScale.swift <SOURCE_ROOT>/ios/QuakeSignal/Models/IntensityScale.swift (in target 'QuakeSignalWatch' from project 'QuakeSignal')

SwiftCompile normal arm64 <SOURCE_ROOT>/ios/QuakeSignal/Models/IntensityScale.swift (in target 'QuakeSignalWatch' from project 'QuakeSignal')
    cd <SOURCE_ROOT>/ios


SwiftMergeGeneratedHeaders <ARTIFACT_ROOT>/build/Intermediates/QuakeSignal.build/Debug-iphonesimulator/QuakeSignalWatch.build/DerivedSources/QuakeSignalWatch-Swift.h <ARTIFACT_ROOT>/build/Intermediates/QuakeSignal.build/Debug-iphonesimulator/QuakeSignalWatch.build/Objects-normal/arm64/QuakeSignalWatch-Swift.h <ARTIFACT_ROOT>/build/Intermediates/QuakeSignal.build/Debug-iphonesimulator/QuakeSignalWatch.build/Objects-normal/x86_64/QuakeSignalWatch-Swift.h (in target 'QuakeSignalWatch' from project 'QuakeSignal')
    cd <SOURCE_ROOT>/ios
    builtin-swiftHeaderTool -arch arm64 <ARTIFACT_ROOT>/build/Intermediates/QuakeSignal.build/Debug-iphonesimulator/QuakeSignalWatch.build/Objects-normal/arm64/QuakeSignalWatch-Swift.h -arch x86_64 <ARTIFACT_ROOT>/build/Intermediates/QuakeSignal.build/Debug-iphonesimulator/QuakeSignalWatch.build/Objects-normal/x86_64/QuakeSignalWatch-Swift.h -o <ARTIFACT_ROOT>/build/Intermediates/QuakeSignal.build/Debug-iphonesimulator/QuakeSignalWatch.build/DerivedSources/QuakeSignalWatch-Swift.h

SwiftDriverJobDiscovery normal arm64 Compiling QuakeSignalWatchApp.swift (in target 'QuakeSignalWatch' from project 'QuakeSignal')

Copy <ARTIFACT_ROOT>/build/Products/Debug-iphonesimulator/QuakeSignalWatch.swiftmodule/arm64-apple-ios-simulator.swiftmodule <ARTIFACT_ROOT>/build/Intermediates/QuakeSignal.build/Debug-iphonesimulator/QuakeSignalWatch.build/Objects-normal/arm64/QuakeSignalWatch.swiftmodule (in target 'QuakeSignalWatch' from project 'QuakeSignal')
    cd <SOURCE_ROOT>/ios
    builtin-copy -exclude .DS_Store -exclude CVS -exclude .svn -exclude .git -exclude .hg -resolve-src-symlinks -rename <ARTIFACT_ROOT>/build/Intermediates/QuakeSignal.build/Debug-iphonesimulator/QuakeSignalWatch.build/Objects-normal/arm64/QuakeSignalWatch.swiftmodule <ARTIFACT_ROOT>/build/Products/Debug-iphonesimulator/QuakeSignalWatch.swiftmodule/arm64-apple-ios-simulator.swiftmodule

Copy <ARTIFACT_ROOT>/build/Products/Debug-iphonesimulator/QuakeSignalWatch.swiftmodule/arm64-apple-ios-simulator.swiftdoc <ARTIFACT_ROOT>/build/Intermediates/QuakeSignal.build/Debug-iphonesimulator/QuakeSignalWatch.build/Objects-normal/arm64/QuakeSignalWatch.swiftdoc (in target 'QuakeSignalWatch' from project 'QuakeSignal')
    cd <SOURCE_ROOT>/ios
    builtin-copy -exclude .DS_Store -exclude CVS -exclude .svn -exclude .git -exclude .hg -resolve-src-symlinks -rename <ARTIFACT_ROOT>/build/Intermediates/QuakeSignal.build/Debug-iphonesimulator/QuakeSignalWatch.build/Objects-normal/arm64/QuakeSignalWatch.swiftdoc <ARTIFACT_ROOT>/build/Products/Debug-iphonesimulator/QuakeSignalWatch.swiftmodule/arm64-apple-ios-simulator.swiftdoc

Copy <ARTIFACT_ROOT>/build/Products/Debug-iphonesimulator/QuakeSignalWatch.swiftmodule/arm64-apple-ios-simulator.abi.json <ARTIFACT_ROOT>/build/Intermediates/QuakeSignal.build/Debug-iphonesimulator/QuakeSignalWatch.build/Objects-normal/arm64/QuakeSignalWatch.abi.json (in target 'QuakeSignalWatch' from project 'QuakeSignal')
    cd <SOURCE_ROOT>/ios
    builtin-copy -exclude .DS_Store -exclude CVS -exclude .svn -exclude .git -exclude .hg -resolve-src-symlinks -rename <ARTIFACT_ROOT>/build/Intermediates/QuakeSignal.build/Debug-iphonesimulator/QuakeSignalWatch.build/Objects-normal/arm64/QuakeSignalWatch.abi.json <ARTIFACT_ROOT>/build/Products/Debug-iphonesimulator/QuakeSignalWatch.swiftmodule/arm64-apple-ios-simulator.abi.json

Copy <ARTIFACT_ROOT>/build/Products/Debug-iphonesimulator/QuakeSignalWatch.swiftmodule/Project/arm64-apple-ios-simulator.swiftsourceinfo <ARTIFACT_ROOT>/build/Intermediates/QuakeSignal.build/Debug-iphonesimulator/QuakeSignalWatch.build/Objects-normal/arm64/QuakeSignalWatch.swiftsourceinfo (in target 'QuakeSignalWatch' from project 'QuakeSignal')
    cd <SOURCE_ROOT>/ios
    builtin-copy -exclude .DS_Store -exclude CVS -exclude .svn -exclude .git -exclude .hg -resolve-src-symlinks -rename <ARTIFACT_ROOT>/build/Intermediates/QuakeSignal.build/Debug-iphonesimulator/QuakeSignalWatch.build/Objects-normal/arm64/QuakeSignalWatch.swiftsourceinfo <ARTIFACT_ROOT>/build/Products/Debug-iphonesimulator/QuakeSignalWatch.swiftmodule/Project/arm64-apple-ios-simulator.swiftsourceinfo

MkDir <ARTIFACT_ROOT>/build/Intermediates/QuakeSignal.build/Debug-iphonesimulator/QuakeSignal.build/assetcatalog_output/unthinned (in target 'QuakeSignal' from project 'QuakeSignal')
    cd <SOURCE_ROOT>/ios
    /bin/mkdir -p <ARTIFACT_ROOT>/build/Intermediates/QuakeSignal.build/Debug-iphonesimulator/QuakeSignal.build/assetcatalog_output/unthinned

MkDir <ARTIFACT_ROOT>/build/Intermediates/QuakeSignal.build/Debug-iphonesimulator/QuakeSignal.build/assetcatalog_output/thinned (in target 'QuakeSignal' from project 'QuakeSignal')
    cd <SOURCE_ROOT>/ios
    /bin/mkdir -p <ARTIFACT_ROOT>/build/Intermediates/QuakeSignal.build/Debug-iphonesimulator/QuakeSignal.build/assetcatalog_output/thinned

GenerateAssetSymbols <SOURCE_ROOT>/ios/QuakeSignal/Assets.xcassets (in target 'QuakeSignal' from project 'QuakeSignal')
    cd <SOURCE_ROOT>/ios
    <XCODE_APP>/Contents/Developer/usr/bin/actool <SOURCE_ROOT>/ios/QuakeSignal/Assets.xcassets --compile <ARTIFACT_ROOT>/build/Products/Debug-iphonesimulator/QuakeSignal.app --output-format human-readable-text --notices --warnings --export-dependency-info <ARTIFACT_ROOT>/build/Intermediates/QuakeSignal.build/Debug-iphonesimulator/QuakeSignal.build/assetcatalog_dependencies --output-partial-info-plist <ARTIFACT_ROOT>/build/Intermediates/QuakeSignal.build/Debug-iphonesimulator/QuakeSignal.build/assetcatalog_generated_info.plist --app-icon AppIcon --accent-color AccentColor --compress-pngs --enable-on-demand-resources YES --development-region en --target-device iphone --target-device ipad --minimum-deployment-target 17.0 --platform iphonesimulator --bundle-identifier com.quakesignal.app --generate-swift-asset-symbol-extensions NO --generate-swift-asset-symbols <ARTIFACT_ROOT>/build/Intermediates/QuakeSignal.build/Debug-iphonesimulator/QuakeSignal.build/DerivedSources/GeneratedAssetSymbols.swift --generate-objc-asset-symbols <ARTIFACT_ROOT>/build/Intermediates/QuakeSignal.build/Debug-iphonesimulator/QuakeSignal.build/DerivedSources/GeneratedAssetSymbols.h --generate-asset-symbol-index <ARTIFACT_ROOT>/build/Intermediates/QuakeSignal.build/Debug-iphonesimulator/QuakeSignal.build/DerivedSources/GeneratedAssetSymbols-Index.plist
/* com.apple.actool.compilation-results */
<ARTIFACT_ROOT>/build/Intermediates/QuakeSignal.build/Debug-iphonesimulator/QuakeSignal.build/DerivedSources/GeneratedAssetSymbols-Index.plist
<ARTIFACT_ROOT>/build/Intermediates/QuakeSignal.build/Debug-iphonesimulator/QuakeSignal.build/DerivedSources/GeneratedAssetSymbols.h
<ARTIFACT_ROOT>/build/Intermediates/QuakeSignal.build/Debug-iphonesimulator/QuakeSignal.build/DerivedSources/GeneratedAssetSymbols.swift


CompileAssetCatalogVariant thinned <ARTIFACT_ROOT>/build/Products/Debug-iphonesimulator/QuakeSignal.app <SOURCE_ROOT>/ios/QuakeSignal/Assets.xcassets (in target 'QuakeSignal' from project 'QuakeSignal')
    cd <SOURCE_ROOT>/ios
    <XCODE_APP>/Contents/Developer/usr/bin/actool <SOURCE_ROOT>/ios/QuakeSignal/Assets.xcassets --compile <ARTIFACT_ROOT>/build/Intermediates/QuakeSignal.build/Debug-iphonesimulator/QuakeSignal.build/assetcatalog_output/thinned --output-format human-readable-text --notices --warnings --export-dependency-info <ARTIFACT_ROOT>/build/Intermediates/QuakeSignal.build/Debug-iphonesimulator/QuakeSignal.build/assetcatalog_dependencies_thinned --output-partial-info-plist <ARTIFACT_ROOT>/build/Intermediates/QuakeSignal.build/Debug-iphonesimulator/QuakeSignal.build/assetcatalog_generated_info.plist_thinned --app-icon AppIcon --accent-color AccentColor --compress-pngs --enable-on-demand-resources YES --development-region en --target-device iphone --target-device ipad --minimum-deployment-target 17.0 --platform iphonesimulator
/* com.apple.actool.compilation-results */
<ARTIFACT_ROOT>/build/Intermediates/QuakeSignal.build/Debug-iphonesimulator/QuakeSignal.build/assetcatalog_generated_info.plist_thinned
<ARTIFACT_ROOT>/build/Intermediates/QuakeSignal.build/Debug-iphonesimulator/QuakeSignal.build/assetcatalog_output/thinned/AppIcon60x60@2x.png
<ARTIFACT_ROOT>/build/Intermediates/QuakeSignal.build/Debug-iphonesimulator/QuakeSignal.build/assetcatalog_output/thinned/AppIcon76x76@2x~ipad.png
<ARTIFACT_ROOT>/build/Intermediates/QuakeSignal.build/Debug-iphonesimulator/QuakeSignal.build/assetcatalog_output/thinned/Assets.car


SwiftDriverJobDiscovery normal arm64 Compiling EEWEvent.swift (in target 'QuakeSignalWatch' from project 'QuakeSignal')

SwiftDriver QuakeSignal normal x86_64 com.apple.xcode.tools.swift.compiler (in target 'QuakeSignal' from project 'QuakeSignal')
    cd <SOURCE_ROOT>/ios
    builtin-SwiftDriver -- <XCODE_APP>/Contents/Developer/Toolchains/XcodeDefault.xctoolchain/usr/bin/swiftc -module-name QuakeSignal -Onone @<ARTIFACT_ROOT>/build/Intermediates/QuakeSignal.build/Debug-iphonesimulator/QuakeSignal.build/Objects-normal/x86_64/QuakeSignal.SwiftFileList -DDEBUG -enable-experimental-feature DebugDescriptionMacro -sdk <XCODE_APP>/Contents/Developer/Platforms/iPhoneSimulator.platform/Developer/SDKs/iPhoneSimulator26.5.sdk -target x86_64-apple-ios17.0-simulator -g -module-cache-path <ARTIFACT_ROOT>/build/ModuleCache -Xfrontend -serialize-debugging-options -enable-testing -Xcc -D_LIBCPP_HARDENING_MODE\=_LIBCPP_HARDENING_MODE_DEBUG -swift-version 6 -I <ARTIFACT_ROOT>/build/Products/Debug-iphonesimulator -F <ARTIFACT_ROOT>/build/Products/Debug-iphonesimulator -c -j10 -enable-batch-mode -incremental -Xcc -ivfsstatcache -Xcc <ARTIFACT_ROOT>/xcode-cache/26.6-17F113/Xcode/26.6-17F113/Xcode/SDKStatCaches.noindex/iphonesimulator26.5-23F81a-1f122a3c1253c0e3a2240b2508b6516f.sdkstatcache -output-file-map <ARTIFACT_ROOT>/build/Intermediates/QuakeSignal.build/Debug-iphonesimulator/QuakeSignal.build/Objects-normal/x86_64/QuakeSignal-OutputFileMap.json -use-frontend-parseable-output -save-temps -no-color-diagnostics -explicit-module-build -module-cache-path <ARTIFACT_ROOT>/build/Intermediates/SwiftExplicitPrecompiledModules -clang-scanner-module-cache-path <ARTIFACT_ROOT>/build/ModuleCache -sdk-module-cache-path <ARTIFACT_ROOT>/build/ModuleCache -serialize-diagnostics -emit-dependencies -emit-module -emit-module-path <ARTIFACT_ROOT>/build/Intermediates/QuakeSignal.build/Debug-iphonesimulator/QuakeSignal.build/Objects-normal/x86_64/QuakeSignal.swiftmodule -validate-clang-modules-once -clang-build-session-file <ARTIFACT_ROOT>/xcode-cache/26.6-17F113/Xcode/ModuleCache.noindex/Session.modulevalidation -Xcc -I<ARTIFACT_ROOT>/build/Intermediates/QuakeSignal.build/Debug-iphonesimulator/QuakeSignal.build/swift-overrides.hmap -emit-const-values -Xfrontend -const-gather-protocols-file -Xfrontend <ARTIFACT_ROOT>/build/Intermediates/QuakeSignal.build/Debug-iphonesimulator/QuakeSignal.build/Objects-normal/x86_64/QuakeSignal_const_extract_protocols.json -Xcc -iquote -Xcc <ARTIFACT_ROOT>/build/Intermediates/QuakeSignal.build/Debug-iphonesimulator/QuakeSignal.build/QuakeSignal-generated-files.hmap -Xcc -I<ARTIFACT_ROOT>/build/Intermediates/QuakeSignal.build/Debug-iphonesimulator/QuakeSignal.build/QuakeSignal-own-target-headers.hmap -Xcc -I<ARTIFACT_ROOT>/build/Intermediates/QuakeSignal.build/Debug-iphonesimulator/QuakeSignal.build/QuakeSignal-all-target-headers.hmap -Xcc -iquote -Xcc <ARTIFACT_ROOT>/build/Intermediates/QuakeSignal.build/Debug-iphonesimulator/QuakeSignal.build/QuakeSignal-project-headers.hmap -Xcc -I<ARTIFACT_ROOT>/build/Products/Debug-iphonesimulator/include -Xcc -I<ARTIFACT_ROOT>/build/Intermediates/QuakeSignal.build/Debug-iphonesimulator/QuakeSignal.build/DerivedSources-normal/x86_64 -Xcc -I<ARTIFACT_ROOT>/build/Intermediates/QuakeSignal.build/Debug-iphonesimulator/QuakeSignal.build/DerivedSources/x86_64 -Xcc -I<ARTIFACT_ROOT>/build/Intermediates/QuakeSignal.build/Debug-iphonesimulator/QuakeSignal.build/DerivedSources -Xcc -DDEBUG\=1 -emit-objc-header -emit-objc-header-path <ARTIFACT_ROOT>/build/Intermediates/QuakeSignal.build/Debug-iphonesimulator/QuakeSignal.build/Objects-normal/x86_64/QuakeSignal-Swift.h -working-directory <SOURCE_ROOT>/ios -experimental-emit-module-separately -disable-cmo

SwiftDriver QuakeSignal normal arm64 com.apple.xcode.tools.swift.compiler (in target 'QuakeSignal' from project 'QuakeSignal')
    cd <SOURCE_ROOT>/ios
    builtin-SwiftDriver -- <XCODE_APP>/Contents/Developer/Toolchains/XcodeDefault.xctoolchain/usr/bin/swiftc -module-name QuakeSignal -Onone @<ARTIFACT_ROOT>/build/Intermediates/QuakeSignal.build/Debug-iphonesimulator/QuakeSignal.build/Objects-normal/arm64/QuakeSignal.SwiftFileList -DDEBUG -enable-experimental-feature DebugDescriptionMacro -sdk <XCODE_APP>/Contents/Developer/Platforms/iPhoneSimulator.platform/Developer/SDKs/iPhoneSimulator26.5.sdk -target arm64-apple-ios17.0-simulator -g -module-cache-path <ARTIFACT_ROOT>/build/ModuleCache -Xfrontend -serialize-debugging-options -enable-testing -Xcc -D_LIBCPP_HARDENING_MODE\=_LIBCPP_HARDENING_MODE_DEBUG -swift-version 6 -I <ARTIFACT_ROOT>/build/Products/Debug-iphonesimulator -F <ARTIFACT_ROOT>/build/Products/Debug-iphonesimulator -c -j10 -enable-batch-mode -incremental -Xcc -ivfsstatcache -Xcc <ARTIFACT_ROOT>/xcode-cache/26.6-17F113/Xcode/26.6-17F113/Xcode/SDKStatCaches.noindex/iphonesimulator26.5-23F81a-1f122a3c1253c0e3a2240b2508b6516f.sdkstatcache -output-file-map <ARTIFACT_ROOT>/build/Intermediates/QuakeSignal.build/Debug-iphonesimulator/QuakeSignal.build/Objects-normal/arm64/QuakeSignal-OutputFileMap.json -use-frontend-parseable-output -save-temps -no-color-diagnostics -explicit-module-build -module-cache-path <ARTIFACT_ROOT>/build/Intermediates/SwiftExplicitPrecompiledModules -clang-scanner-module-cache-path <ARTIFACT_ROOT>/build/ModuleCache -sdk-module-cache-path <ARTIFACT_ROOT>/build/ModuleCache -serialize-diagnostics -emit-dependencies -emit-module -emit-module-path <ARTIFACT_ROOT>/build/Intermediates/QuakeSignal.build/Debug-iphonesimulator/QuakeSignal.build/Objects-normal/arm64/QuakeSignal.swiftmodule -validate-clang-modules-once -clang-build-session-file <ARTIFACT_ROOT>/xcode-cache/26.6-17F113/Xcode/ModuleCache.noindex/Session.modulevalidation -Xcc -I<ARTIFACT_ROOT>/build/Intermediates/QuakeSignal.build/Debug-iphonesimulator/QuakeSignal.build/swift-overrides.hmap -emit-const-values -Xfrontend -const-gather-protocols-file -Xfrontend <ARTIFACT_ROOT>/build/Intermediates/QuakeSignal.build/Debug-iphonesimulator/QuakeSignal.build/Objects-normal/arm64/QuakeSignal_const_extract_protocols.json -Xcc -iquote -Xcc <ARTIFACT_ROOT>/build/Intermediates/QuakeSignal.build/Debug-iphonesimulator/QuakeSignal.build/QuakeSignal-generated-files.hmap -Xcc -I<ARTIFACT_ROOT>/build/Intermediates/QuakeSignal.build/Debug-iphonesimulator/QuakeSignal.build/QuakeSignal-own-target-headers.hmap -Xcc -I<ARTIFACT_ROOT>/build/Intermediates/QuakeSignal.build/Debug-iphonesimulator/QuakeSignal.build/QuakeSignal-all-target-headers.hmap -Xcc -iquote -Xcc <ARTIFACT_ROOT>/build/Intermediates/QuakeSignal.build/Debug-iphonesimulator/QuakeSignal.build/QuakeSignal-project-headers.hmap -Xcc -I<ARTIFACT_ROOT>/build/Products/Debug-iphonesimulator/include -Xcc -I<ARTIFACT_ROOT>/build/Intermediates/QuakeSignal.build/Debug-iphonesimulator/QuakeSignal.build/DerivedSources-normal/arm64 -Xcc -I<ARTIFACT_ROOT>/build/Intermediates/QuakeSignal.build/Debug-iphonesimulator/QuakeSignal.build/DerivedSources/arm64 -Xcc -I<ARTIFACT_ROOT>/build/Intermediates/QuakeSignal.build/Debug-iphonesimulator/QuakeSignal.build/DerivedSources -Xcc -DDEBUG\=1 -emit-objc-header -emit-objc-header-path <ARTIFACT_ROOT>/build/Intermediates/QuakeSignal.build/Debug-iphonesimulator/QuakeSignal.build/Objects-normal/arm64/QuakeSignal-Swift.h -working-directory <SOURCE_ROOT>/ios -experimental-emit-module-separately -disable-cmo

SwiftDriverJobDiscovery normal arm64 Compiling IntensityScale.swift (in target 'QuakeSignalWatch' from project 'QuakeSignal')

SwiftDriverJobDiscovery normal x86_64 Compiling WolfxClient.swift (in target 'QuakeSignalWatch' from project 'QuakeSignal')

SwiftDriverJobDiscovery normal arm64 Compiling ScreenshotAutomation.swift (in target 'QuakeSignalWatch' from project 'QuakeSignal')

SwiftDriverJobDiscovery normal arm64 Compiling WolfxClient.swift (in target 'QuakeSignalWatch' from project 'QuakeSignal')

SwiftDriverJobDiscovery normal x86_64 Compiling WatchDashboardView.swift (in target 'QuakeSignalWatch' from project 'QuakeSignal')

SwiftDriverJobDiscovery normal x86_64 Compiling EEWEvent.swift (in target 'QuakeSignalWatch' from project 'QuakeSignal')

SwiftDriver\ Compilation QuakeSignalWatch normal x86_64 com.apple.xcode.tools.swift.compiler (in target 'QuakeSignalWatch' from project 'QuakeSignal')
    cd <SOURCE_ROOT>/ios
    builtin-Swift-Compilation -- <XCODE_APP>/Contents/Developer/Toolchains/XcodeDefault.xctoolchain/usr/bin/swiftc -module-name QuakeSignalWatch -Onone @<ARTIFACT_ROOT>/build/Intermediates/QuakeSignal.build/Debug-iphonesimulator/QuakeSignalWatch.build/Objects-normal/x86_64/QuakeSignalWatch.SwiftFileList -DDEBUG -enable-experimental-feature DebugDescriptionMacro -sdk <XCODE_APP>/Contents/Developer/Platforms/iPhoneSimulator.platform/Developer/SDKs/iPhoneSimulator26.5.sdk -target x86_64-apple-ios17.0-simulator -g -module-cache-path <ARTIFACT_ROOT>/build/ModuleCache -Xfrontend -serialize-debugging-options -enable-testing -Xcc -D_LIBCPP_HARDENING_MODE\=_LIBCPP_HARDENING_MODE_DEBUG -swift-version 6 -I <ARTIFACT_ROOT>/build/Products/Debug-iphonesimulator -F <ARTIFACT_ROOT>/build/Products/Debug-iphonesimulator -c -j10 -enable-batch-mode -incremental -Xcc -ivfsstatcache -Xcc <ARTIFACT_ROOT>/xcode-cache/26.6-17F113/Xcode/26.6-17F113/Xcode/SDKStatCaches.noindex/iphonesimulator26.5-23F81a-1f122a3c1253c0e3a2240b2508b6516f.sdkstatcache -output-file-map <ARTIFACT_ROOT>/build/Intermediates/QuakeSignal.build/Debug-iphonesimulator/QuakeSignalWatch.build/Objects-normal/x86_64/QuakeSignalWatch-OutputFileMap.json -use-frontend-parseable-output -save-temps -no-color-diagnostics -explicit-module-build -module-cache-path <ARTIFACT_ROOT>/build/Intermediates/SwiftExplicitPrecompiledModules -clang-scanner-module-cache-path <ARTIFACT_ROOT>/build/ModuleCache -sdk-module-cache-path <ARTIFACT_ROOT>/build/ModuleCache -serialize-diagnostics -emit-dependencies -emit-module -emit-module-path <ARTIFACT_ROOT>/build/Intermediates/QuakeSignal.build/Debug-iphonesimulator/QuakeSignalWatch.build/Objects-normal/x86_64/QuakeSignalWatch.swiftmodule -validate-clang-modules-once -clang-build-session-file <ARTIFACT_ROOT>/xcode-cache/26.6-17F113/Xcode/ModuleCache.noindex/Session.modulevalidation -Xcc -I<ARTIFACT_ROOT>/build/Intermediates/QuakeSignal.build/Debug-iphonesimulator/QuakeSignalWatch.build/swift-overrides.hmap -emit-const-values -Xfrontend -const-gather-protocols-file -Xfrontend <ARTIFACT_ROOT>/build/Intermediates/QuakeSignal.build/Debug-iphonesimulator/QuakeSignalWatch.build/Objects-normal/x86_64/QuakeSignalWatch_const_extract_protocols.json -Xcc -iquote -Xcc <ARTIFACT_ROOT>/build/Intermediates/QuakeSignal.build/Debug-iphonesimulator/QuakeSignalWatch.build/QuakeSignalWatch-generated-files.hmap -Xcc -I<ARTIFACT_ROOT>/build/Intermediates/QuakeSignal.build/Debug-iphonesimulator/QuakeSignalWatch.build/QuakeSignalWatch-own-target-headers.hmap -Xcc -I<ARTIFACT_ROOT>/build/Intermediates/QuakeSignal.build/Debug-iphonesimulator/QuakeSignalWatch.build/QuakeSignalWatch-all-target-headers.hmap -Xcc -iquote -Xcc <ARTIFACT_ROOT>/build/Intermediates/QuakeSignal.build/Debug-iphonesimulator/QuakeSignalWatch.build/QuakeSignalWatch-project-headers.hmap -Xcc -I<ARTIFACT_ROOT>/build/Products/Debug-iphonesimulator/include -Xcc -I<ARTIFACT_ROOT>/build/Intermediates/QuakeSignal.build/Debug-iphonesimulator/QuakeSignalWatch.build/DerivedSources-normal/x86_64 -Xcc -I<ARTIFACT_ROOT>/build/Intermediates/QuakeSignal.build/Debug-iphonesimulator/QuakeSignalWatch.build/DerivedSources/x86_64 -Xcc -I<ARTIFACT_ROOT>/build/Intermediates/QuakeSignal.build/Debug-iphonesimulator/QuakeSignalWatch.build/DerivedSources -Xcc -DDEBUG\=1 -emit-objc-header -emit-objc-header-path <ARTIFACT_ROOT>/build/Intermediates/QuakeSignal.build/Debug-iphonesimulator/QuakeSignalWatch.build/Objects-normal/x86_64/QuakeSignalWatch-Swift.h -working-directory <SOURCE_ROOT>/ios -experimental-emit-module-separately -disable-cmo

Ld <ARTIFACT_ROOT>/build/Intermediates/QuakeSignal.build/Debug-iphonesimulator/QuakeSignalWatch.build/Objects-normal/x86_64/Binary/QuakeSignalWatch normal x86_64 (in target 'QuakeSignalWatch' from project 'QuakeSignal')
    cd <SOURCE_ROOT>/ios
    <XCODE_APP>/Contents/Developer/Toolchains/XcodeDefault.xctoolchain/usr/bin/clang -Xlinker -reproducible -target x86_64-apple-ios17.0-simulator -isysroot <XCODE_APP>/Contents/Developer/Platforms/iPhoneSimulator.platform/Developer/SDKs/iPhoneSimulator26.5.sdk -O0 -L<ARTIFACT_ROOT>/build/Intermediates/EagerLinkingTBDs/Debug-iphonesimulator -L<ARTIFACT_ROOT>/build/Products/Debug-iphonesimulator -F<ARTIFACT_ROOT>/build/Intermediates/EagerLinkingTBDs/Debug-iphonesimulator -F<ARTIFACT_ROOT>/build/Products/Debug-iphonesimulator -filelist <ARTIFACT_ROOT>/build/Intermediates/QuakeSignal.build/Debug-iphonesimulator/QuakeSignalWatch.build/Objects-normal/x86_64/QuakeSignalWatch.LinkFileList -Xlinker -rpath -Xlinker /usr/lib/swift -Xlinker -dead_strip -Xlinker -object_path_lto -Xlinker <ARTIFACT_ROOT>/build/Intermediates/QuakeSignal.build/Debug-iphonesimulator/QuakeSignalWatch.build/Objects-normal/x86_64/QuakeSignalWatch_lto.o -rdynamic -Xlinker -no_deduplicate -Xlinker -objc_abi_version -Xlinker 2 -Xlinker -dependency_info -Xlinker <ARTIFACT_ROOT>/build/Intermediates/QuakeSignal.build/Debug-iphonesimulator/QuakeSignalWatch.build/Objects-normal/x86_64/QuakeSignalWatch_dependency_info.dat -fobjc-link-runtime -L<XCODE_APP>/Contents/Developer/Toolchains/XcodeDefault.xctoolchain/usr/lib/swift/iphonesimulator -L/usr/lib/swift -Xlinker -add_ast_path -Xlinker <ARTIFACT_ROOT>/build/Intermediates/QuakeSignal.build/Debug-iphonesimulator/QuakeSignalWatch.build/Objects-normal/x86_64/QuakeSignalWatch.swiftmodule @<ARTIFACT_ROOT>/build/Intermediates/QuakeSignal.build/Debug-iphonesimulator/QuakeSignalWatch.build/Objects-normal/x86_64/QuakeSignalWatch-linker-args.resp -o <ARTIFACT_ROOT>/build/Intermediates/QuakeSignal.build/Debug-iphonesimulator/QuakeSignalWatch.build/Objects-normal/x86_64/Binary/QuakeSignalWatch

SwiftDriverJobDiscovery normal arm64 Compiling WatchDashboardView.swift (in target 'QuakeSignalWatch' from project 'QuakeSignal')

SwiftDriver\ Compilation QuakeSignalWatch normal arm64 com.apple.xcode.tools.swift.compiler (in target 'QuakeSignalWatch' from project 'QuakeSignal')
    cd <SOURCE_ROOT>/ios
    builtin-Swift-Compilation -- <XCODE_APP>/Contents/Developer/Toolchains/XcodeDefault.xctoolchain/usr/bin/swiftc -module-name QuakeSignalWatch -Onone @<ARTIFACT_ROOT>/build/Intermediates/QuakeSignal.build/Debug-iphonesimulator/QuakeSignalWatch.build/Objects-normal/arm64/QuakeSignalWatch.SwiftFileList -DDEBUG -enable-experimental-feature DebugDescriptionMacro -sdk <XCODE_APP>/Contents/Developer/Platforms/iPhoneSimulator.platform/Developer/SDKs/iPhoneSimulator26.5.sdk -target arm64-apple-ios17.0-simulator -g -module-cache-path <ARTIFACT_ROOT>/build/ModuleCache -Xfrontend -serialize-debugging-options -enable-testing -Xcc -D_LIBCPP_HARDENING_MODE\=_LIBCPP_HARDENING_MODE_DEBUG -swift-version 6 -I <ARTIFACT_ROOT>/build/Products/Debug-iphonesimulator -F <ARTIFACT_ROOT>/build/Products/Debug-iphonesimulator -c -j10 -enable-batch-mode -incremental -Xcc -ivfsstatcache -Xcc <ARTIFACT_ROOT>/xcode-cache/26.6-17F113/Xcode/26.6-17F113/Xcode/SDKStatCaches.noindex/iphonesimulator26.5-23F81a-1f122a3c1253c0e3a2240b2508b6516f.sdkstatcache -output-file-map <ARTIFACT_ROOT>/build/Intermediates/QuakeSignal.build/Debug-iphonesimulator/QuakeSignalWatch.build/Objects-normal/arm64/QuakeSignalWatch-OutputFileMap.json -use-frontend-parseable-output -save-temps -no-color-diagnostics -explicit-module-build -module-cache-path <ARTIFACT_ROOT>/build/Intermediates/SwiftExplicitPrecompiledModules -clang-scanner-module-cache-path <ARTIFACT_ROOT>/build/ModuleCache -sdk-module-cache-path <ARTIFACT_ROOT>/build/ModuleCache -serialize-diagnostics -emit-dependencies -emit-module -emit-module-path <ARTIFACT_ROOT>/build/Intermediates/QuakeSignal.build/Debug-iphonesimulator/QuakeSignalWatch.build/Objects-normal/arm64/QuakeSignalWatch.swiftmodule -validate-clang-modules-once -clang-build-session-file <ARTIFACT_ROOT>/xcode-cache/26.6-17F113/Xcode/ModuleCache.noindex/Session.modulevalidation -Xcc -I<ARTIFACT_ROOT>/build/Intermediates/QuakeSignal.build/Debug-iphonesimulator/QuakeSignalWatch.build/swift-overrides.hmap -emit-const-values -Xfrontend -const-gather-protocols-file -Xfrontend <ARTIFACT_ROOT>/build/Intermediates/QuakeSignal.build/Debug-iphonesimulator/QuakeSignalWatch.build/Objects-normal/arm64/QuakeSignalWatch_const_extract_protocols.json -Xcc -iquote -Xcc <ARTIFACT_ROOT>/build/Intermediates/QuakeSignal.build/Debug-iphonesimulator/QuakeSignalWatch.build/QuakeSignalWatch-generated-files.hmap -Xcc -I<ARTIFACT_ROOT>/build/Intermediates/QuakeSignal.build/Debug-iphonesimulator/QuakeSignalWatch.build/QuakeSignalWatch-own-target-headers.hmap -Xcc -I<ARTIFACT_ROOT>/build/Intermediates/QuakeSignal.build/Debug-iphonesimulator/QuakeSignalWatch.build/QuakeSignalWatch-all-target-headers.hmap -Xcc -iquote -Xcc <ARTIFACT_ROOT>/build/Intermediates/QuakeSignal.build/Debug-iphonesimulator/QuakeSignalWatch.build/QuakeSignalWatch-project-headers.hmap -Xcc -I<ARTIFACT_ROOT>/build/Products/Debug-iphonesimulator/include -Xcc -I<ARTIFACT_ROOT>/build/Intermediates/QuakeSignal.build/Debug-iphonesimulator/QuakeSignalWatch.build/DerivedSources-normal/arm64 -Xcc -I<ARTIFACT_ROOT>/build/Intermediates/QuakeSignal.build/Debug-iphonesimulator/QuakeSignalWatch.build/DerivedSources/arm64 -Xcc -I<ARTIFACT_ROOT>/build/Intermediates/QuakeSignal.build/Debug-iphonesimulator/QuakeSignalWatch.build/DerivedSources -Xcc -DDEBUG\=1 -emit-objc-header -emit-objc-header-path <ARTIFACT_ROOT>/build/Intermediates/QuakeSignal.build/Debug-iphonesimulator/QuakeSignalWatch.build/Objects-normal/arm64/QuakeSignalWatch-Swift.h -working-directory <SOURCE_ROOT>/ios -experimental-emit-module-separately -disable-cmo

Ld <ARTIFACT_ROOT>/build/Intermediates/QuakeSignal.build/Debug-iphonesimulator/QuakeSignalWatch.build/Objects-normal/arm64/Binary/QuakeSignalWatch normal arm64 (in target 'QuakeSignalWatch' from project 'QuakeSignal')
    cd <SOURCE_ROOT>/ios
    <XCODE_APP>/Contents/Developer/Toolchains/XcodeDefault.xctoolchain/usr/bin/clang -Xlinker -reproducible -target arm64-apple-ios17.0-simulator -isysroot <XCODE_APP>/Contents/Developer/Platforms/iPhoneSimulator.platform/Developer/SDKs/iPhoneSimulator26.5.sdk -O0 -L<ARTIFACT_ROOT>/build/Intermediates/EagerLinkingTBDs/Debug-iphonesimulator -L<ARTIFACT_ROOT>/build/Products/Debug-iphonesimulator -F<ARTIFACT_ROOT>/build/Intermediates/EagerLinkingTBDs/Debug-iphonesimulator -F<ARTIFACT_ROOT>/build/Products/Debug-iphonesimulator -filelist <ARTIFACT_ROOT>/build/Intermediates/QuakeSignal.build/Debug-iphonesimulator/QuakeSignalWatch.build/Objects-normal/arm64/QuakeSignalWatch.LinkFileList -Xlinker -rpath -Xlinker /usr/lib/swift -Xlinker -dead_strip -Xlinker -object_path_lto -Xlinker <ARTIFACT_ROOT>/build/Intermediates/QuakeSignal.build/Debug-iphonesimulator/QuakeSignalWatch.build/Objects-normal/arm64/QuakeSignalWatch_lto.o -rdynamic -Xlinker -no_deduplicate -Xlinker -objc_abi_version -Xlinker 2 -Xlinker -dependency_info -Xlinker <ARTIFACT_ROOT>/build/Intermediates/QuakeSignal.build/Debug-iphonesimulator/QuakeSignalWatch.build/Objects-normal/arm64/QuakeSignalWatch_dependency_info.dat -fobjc-link-runtime -L<XCODE_APP>/Contents/Developer/Toolchains/XcodeDefault.xctoolchain/usr/lib/swift/iphonesimulator -L/usr/lib/swift -Xlinker -add_ast_path -Xlinker <ARTIFACT_ROOT>/build/Intermediates/QuakeSignal.build/Debug-iphonesimulator/QuakeSignalWatch.build/Objects-normal/arm64/QuakeSignalWatch.swiftmodule @<ARTIFACT_ROOT>/build/Intermediates/QuakeSignal.build/Debug-iphonesimulator/QuakeSignalWatch.build/Objects-normal/arm64/QuakeSignalWatch-linker-args.resp -o <ARTIFACT_ROOT>/build/Intermediates/QuakeSignal.build/Debug-iphonesimulator/QuakeSignalWatch.build/Objects-normal/arm64/Binary/QuakeSignalWatch

SwiftExplicitDependencyGeneratePcm x86_64 <ARTIFACT_ROOT>/build/ModuleCache/MapKit-1GFUQD7B5NAYLSSKK1QHKVHSX.pcm

SwiftExplicitDependencyGeneratePcm x86_64 <ARTIFACT_ROOT>/build/ModuleCache/LocalAuthentication-D67M4G9VO2LKHWCBXFNBWV1J.pcm

SwiftExplicitDependencyGeneratePcm x86_64 <ARTIFACT_ROOT>/build/ModuleCache/DeviceCheck-5OFJVL8PT6WVGGS8PVMTBXG58.pcm

SwiftExplicitDependencyGeneratePcm x86_64 <ARTIFACT_ROOT>/build/ModuleCache/CoreAudioTypes-8W2GOVBNRPUWB3XJHXW1FXBZ2.pcm

SwiftExplicitDependencyGeneratePcm x86_64 <ARTIFACT_ROOT>/build/ModuleCache/CoreMIDI-OTPTI9BOB0AHKYROIPAK7KPX.pcm

SwiftExplicitDependencyGeneratePcm arm64 <ARTIFACT_ROOT>/build/ModuleCache/CoreMIDI-9F33KRNM9BCALJD1YRZNRESIL.pcm

SwiftExplicitDependencyGeneratePcm arm64 <ARTIFACT_ROOT>/build/ModuleCache/MapKit-30D7VWKCT1TIFUM5WW3ZTIHRT.pcm

SwiftExplicitDependencyGeneratePcm arm64 <ARTIFACT_ROOT>/build/ModuleCache/DeviceCheck-C8G3USGRS13LHW4WR2J1BR886.pcm

SwiftExplicitDependencyGeneratePcm arm64 <ARTIFACT_ROOT>/build/ModuleCache/CoreAudioTypes-8IPBDFO4Y358JPTG8VPLGEEWG.pcm

SwiftExplicitDependencyGeneratePcm x86_64 <ARTIFACT_ROOT>/build/ModuleCache/CoreAudio-F0IEUJ41IJ37XBEX1H6NYBPXJ.pcm

SwiftExplicitDependencyGeneratePcm arm64 <ARTIFACT_ROOT>/build/ModuleCache/LocalAuthentication-D7SA8RKX8CGVSMY8YYPIDFU7I.pcm

SwiftExplicitDependencyGeneratePcm x86_64 <ARTIFACT_ROOT>/build/ModuleCache/AudioToolbox-EQB0W7VCPVN82R2KB0HR801FY.pcm

SwiftExplicitDependencyGeneratePcm arm64 <ARTIFACT_ROOT>/build/ModuleCache/CoreAudio-5YH6VPQ6NLC96GMBPJDJZQWIM.pcm

SwiftExplicitDependencyGeneratePcm x86_64 <ARTIFACT_ROOT>/build/ModuleCache/CoreMedia-9L8M0DDRQCPRDVXGTXO0A6EQ8.pcm

SwiftExplicitDependencyGeneratePcm arm64 <ARTIFACT_ROOT>/build/ModuleCache/AudioToolbox-BRVPV29SAKQBE9SWO90MKF9K8.pcm

SwiftExplicitDependencyGeneratePcm arm64 <ARTIFACT_ROOT>/build/ModuleCache/CoreMedia-9R39V3IIFHG7K7BE1RMRVHYZ1.pcm

CreateUniversalBinary <ARTIFACT_ROOT>/build/Products/Debug-iphonesimulator/QuakeSignalWatch.app/QuakeSignalWatch normal arm64\ x86_64 (in target 'QuakeSignalWatch' from project 'QuakeSignal')
    cd <SOURCE_ROOT>/ios
    <XCODE_APP>/Contents/Developer/Toolchains/XcodeDefault.xctoolchain/usr/bin/lipo -create <ARTIFACT_ROOT>/build/Intermediates/QuakeSignal.build/Debug-iphonesimulator/QuakeSignalWatch.build/Objects-normal/arm64/Binary/QuakeSignalWatch <ARTIFACT_ROOT>/build/Intermediates/QuakeSignal.build/Debug-iphonesimulator/QuakeSignalWatch.build/Objects-normal/x86_64/Binary/QuakeSignalWatch -output <ARTIFACT_ROOT>/build/Products/Debug-iphonesimulator/QuakeSignalWatch.app/QuakeSignalWatch

SwiftExplicitDependencyGeneratePcm x86_64 <ARTIFACT_ROOT>/build/ModuleCache/AVFAudio-4FO2PVPI5P5URKQ06EYGLU1PT.pcm

SwiftExplicitDependencyGeneratePcm arm64 <ARTIFACT_ROOT>/build/ModuleCache/AVFAudio-M6GRV4FBMZSMBBZ1GJJBAY6Q.pcm

SwiftCompile normal x86_64 Compiling\ SettingsView.swift,\ SourceDisclaimerView.swift,\ WolfxClient.swift,\ GeneratedAssetSymbols.swift <SOURCE_ROOT>/ios/QuakeSignal/Features/Settings/SettingsView.swift <SOURCE_ROOT>/ios/QuakeSignal/Features/Settings/SourceDisclaimerView.swift <SOURCE_ROOT>/ios/QuakeSignal/Networking/WolfxClient.swift <ARTIFACT_ROOT>/build/Intermediates/QuakeSignal.build/Debug-iphonesimulator/QuakeSignal.build/DerivedSources/GeneratedAssetSymbols.swift (in target 'QuakeSignal' from project 'QuakeSignal')

SwiftCompile normal x86_64 <SOURCE_ROOT>/ios/QuakeSignal/Features/Settings/SettingsView.swift (in target 'QuakeSignal' from project 'QuakeSignal')
    cd <SOURCE_ROOT>/ios


SwiftCompile normal x86_64 <SOURCE_ROOT>/ios/QuakeSignal/Features/Settings/SourceDisclaimerView.swift (in target 'QuakeSignal' from project 'QuakeSignal')
    cd <SOURCE_ROOT>/ios


SwiftCompile normal x86_64 <SOURCE_ROOT>/ios/QuakeSignal/Networking/WolfxClient.swift (in target 'QuakeSignal' from project 'QuakeSignal')
    cd <SOURCE_ROOT>/ios


SwiftCompile normal x86_64 <ARTIFACT_ROOT>/build/Intermediates/QuakeSignal.build/Debug-iphonesimulator/QuakeSignal.build/DerivedSources/GeneratedAssetSymbols.swift (in target 'QuakeSignal' from project 'QuakeSignal')
    cd <SOURCE_ROOT>/ios


SwiftCompile normal x86_64 Compiling\ LocationManager.swift,\ NotificationManager.swift,\ OnboardingView.swift,\ PlatformCapabilities.swift <SOURCE_ROOT>/ios/QuakeSignal/State/LocationManager.swift <SOURCE_ROOT>/ios/QuakeSignal/Notifications/NotificationManager.swift <SOURCE_ROOT>/ios/QuakeSignal/Features/Onboarding/OnboardingView.swift <SOURCE_ROOT>/ios/QuakeSignal/App/PlatformCapabilities.swift (in target 'QuakeSignal' from project 'QuakeSignal')

SwiftCompile normal x86_64 <SOURCE_ROOT>/ios/QuakeSignal/State/LocationManager.swift (in target 'QuakeSignal' from project 'QuakeSignal')
    cd <SOURCE_ROOT>/ios


SwiftCompile normal x86_64 <SOURCE_ROOT>/ios/QuakeSignal/Notifications/NotificationManager.swift (in target 'QuakeSignal' from project 'QuakeSignal')
    cd <SOURCE_ROOT>/ios


SwiftCompile normal x86_64 <SOURCE_ROOT>/ios/QuakeSignal/Features/Onboarding/OnboardingView.swift (in target 'QuakeSignal' from project 'QuakeSignal')
    cd <SOURCE_ROOT>/ios


SwiftCompile normal x86_64 <SOURCE_ROOT>/ios/QuakeSignal/App/PlatformCapabilities.swift (in target 'QuakeSignal' from project 'QuakeSignal')
    cd <SOURCE_ROOT>/ios


SwiftCompile normal x86_64 Compiling\ PushPayload.swift,\ QuakeDetailView.swift,\ QuakeListView.swift,\ QuakeRowView.swift <SOURCE_ROOT>/ios/QuakeSignal/Notifications/PushPayload.swift <SOURCE_ROOT>/ios/QuakeSignal/Features/Detail/QuakeDetailView.swift <SOURCE_ROOT>/ios/QuakeSignal/Features/List/QuakeListView.swift <SOURCE_ROOT>/ios/QuakeSignal/Features/Home/QuakeRowView.swift (in target 'QuakeSignal' from project 'QuakeSignal')

SwiftCompile normal x86_64 <SOURCE_ROOT>/ios/QuakeSignal/Notifications/PushPayload.swift (in target 'QuakeSignal' from project 'QuakeSignal')
    cd <SOURCE_ROOT>/ios


SwiftCompile normal x86_64 <SOURCE_ROOT>/ios/QuakeSignal/Features/Detail/QuakeDetailView.swift (in target 'QuakeSignal' from project 'QuakeSignal')
    cd <SOURCE_ROOT>/ios


SwiftCompile normal x86_64 <SOURCE_ROOT>/ios/QuakeSignal/Features/List/QuakeListView.swift (in target 'QuakeSignal' from project 'QuakeSignal')
    cd <SOURCE_ROOT>/ios


SwiftCompile normal x86_64 <SOURCE_ROOT>/ios/QuakeSignal/Features/Home/QuakeRowView.swift (in target 'QuakeSignal' from project 'QuakeSignal')
    cd <SOURCE_ROOT>/ios


SwiftCompile normal x86_64 Compiling\ ForegroundHTTPFallbackPolicy.swift,\ GuideContent.swift,\ GuideStore.swift,\ GuideTopicDetailView.swift <SOURCE_ROOT>/ios/QuakeSignal/Networking/ForegroundHTTPFallbackPolicy.swift <SOURCE_ROOT>/ios/QuakeSignal/Models/GuideContent.swift <SOURCE_ROOT>/ios/QuakeSignal/State/GuideStore.swift <SOURCE_ROOT>/ios/QuakeSignal/Features/Guide/GuideTopicDetailView.swift (in target 'QuakeSignal' from project 'QuakeSignal')

SwiftCompile normal x86_64 <SOURCE_ROOT>/ios/QuakeSignal/Networking/ForegroundHTTPFallbackPolicy.swift (in target 'QuakeSignal' from project 'QuakeSignal')
    cd <SOURCE_ROOT>/ios


SwiftCompile normal x86_64 <SOURCE_ROOT>/ios/QuakeSignal/Models/GuideContent.swift (in target 'QuakeSignal' from project 'QuakeSignal')
    cd <SOURCE_ROOT>/ios


SwiftCompile normal x86_64 <SOURCE_ROOT>/ios/QuakeSignal/State/GuideStore.swift (in target 'QuakeSignal' from project 'QuakeSignal')
    cd <SOURCE_ROOT>/ios


SwiftCompile normal x86_64 <SOURCE_ROOT>/ios/QuakeSignal/Features/Guide/GuideTopicDetailView.swift (in target 'QuakeSignal' from project 'QuakeSignal')
    cd <SOURCE_ROOT>/ios


SwiftEmitModule normal x86_64 Emitting\ module\ for\ QuakeSignal (in target 'QuakeSignal' from project 'QuakeSignal')

EmitSwiftModule normal x86_64 (in target 'QuakeSignal' from project 'QuakeSignal')
    cd <SOURCE_ROOT>/ios


SwiftCompile normal x86_64 Compiling\ BackendConfig.swift,\ City.swift,\ CityPickerView.swift,\ CoarseCoordinate.swift <SOURCE_ROOT>/ios/QuakeSignal/Networking/BackendConfig.swift <SOURCE_ROOT>/ios/QuakeSignal/Models/City.swift <SOURCE_ROOT>/ios/QuakeSignal/Features/Settings/CityPickerView.swift <SOURCE_ROOT>/ios/QuakeSignal/Models/CoarseCoordinate.swift (in target 'QuakeSignal' from project 'QuakeSignal')

SwiftCompile normal x86_64 <SOURCE_ROOT>/ios/QuakeSignal/Networking/BackendConfig.swift (in target 'QuakeSignal' from project 'QuakeSignal')
    cd <SOURCE_ROOT>/ios


SwiftCompile normal x86_64 <SOURCE_ROOT>/ios/QuakeSignal/Models/City.swift (in target 'QuakeSignal' from project 'QuakeSignal')
    cd <SOURCE_ROOT>/ios


SwiftCompile normal x86_64 <SOURCE_ROOT>/ios/QuakeSignal/Features/Settings/CityPickerView.swift (in target 'QuakeSignal' from project 'QuakeSignal')
    cd <SOURCE_ROOT>/ios


SwiftCompile normal x86_64 <SOURCE_ROOT>/ios/QuakeSignal/Models/CoarseCoordinate.swift (in target 'QuakeSignal' from project 'QuakeSignal')
    cd <SOURCE_ROOT>/ios


SwiftCompile normal x86_64 Compiling\ APIClient.swift,\ AlertPolicy.swift,\ AppAttestClient.swift,\ AppDelegate.swift,\ AppSettings.swift <SOURCE_ROOT>/ios/QuakeSignal/Networking/APIClient.swift <SOURCE_ROOT>/ios/QuakeSignal/State/AlertPolicy.swift <SOURCE_ROOT>/ios/QuakeSignal/Networking/AppAttestClient.swift <SOURCE_ROOT>/ios/QuakeSignal/App/AppDelegate.swift <SOURCE_ROOT>/ios/QuakeSignal/State/AppSettings.swift (in target 'QuakeSignal' from project 'QuakeSignal')

SwiftCompile normal x86_64 <SOURCE_ROOT>/ios/QuakeSignal/Networking/APIClient.swift (in target 'QuakeSignal' from project 'QuakeSignal')
    cd <SOURCE_ROOT>/ios


SwiftCompile normal x86_64 <SOURCE_ROOT>/ios/QuakeSignal/State/AlertPolicy.swift (in target 'QuakeSignal' from project 'QuakeSignal')
    cd <SOURCE_ROOT>/ios


SwiftCompile normal x86_64 <SOURCE_ROOT>/ios/QuakeSignal/Networking/AppAttestClient.swift (in target 'QuakeSignal' from project 'QuakeSignal')
    cd <SOURCE_ROOT>/ios


SwiftCompile normal x86_64 <SOURCE_ROOT>/ios/QuakeSignal/App/AppDelegate.swift (in target 'QuakeSignal' from project 'QuakeSignal')
    cd <SOURCE_ROOT>/ios


SwiftCompile normal x86_64 <SOURCE_ROOT>/ios/QuakeSignal/State/AppSettings.swift (in target 'QuakeSignal' from project 'QuakeSignal')
    cd <SOURCE_ROOT>/ios


SwiftCompile normal x86_64 Compiling\ EmergencyAlertAudio.swift,\ EpicenterMapView.swift,\ EventRevision.swift,\ FamilyCheckInView.swift <SOURCE_ROOT>/ios/QuakeSignal/Notifications/EmergencyAlertAudio.swift <SOURCE_ROOT>/ios/QuakeSignal/Features/Map/EpicenterMapView.swift <SOURCE_ROOT>/ios/QuakeSignal/Models/EventRevision.swift <SOURCE_ROOT>/ios/QuakeSignal/Features/Guide/FamilyCheckInView.swift (in target 'QuakeSignal' from project 'QuakeSignal')

SwiftCompile normal x86_64 <SOURCE_ROOT>/ios/QuakeSignal/Notifications/EmergencyAlertAudio.swift (in target 'QuakeSignal' from project 'QuakeSignal')
    cd <SOURCE_ROOT>/ios


SwiftCompile normal x86_64 <SOURCE_ROOT>/ios/QuakeSignal/Features/Map/EpicenterMapView.swift (in target 'QuakeSignal' from project 'QuakeSignal')
    cd <SOURCE_ROOT>/ios


SwiftCompile normal x86_64 <SOURCE_ROOT>/ios/QuakeSignal/Models/EventRevision.swift (in target 'QuakeSignal' from project 'QuakeSignal')
    cd <SOURCE_ROOT>/ios


SwiftCompile normal x86_64 <SOURCE_ROOT>/ios/QuakeSignal/Features/Guide/FamilyCheckInView.swift (in target 'QuakeSignal' from project 'QuakeSignal')
    cd <SOURCE_ROOT>/ios


SwiftEmitModule normal arm64 Emitting\ module\ for\ QuakeSignal (in target 'QuakeSignal' from project 'QuakeSignal')

EmitSwiftModule normal arm64 (in target 'QuakeSignal' from project 'QuakeSignal')
    cd <SOURCE_ROOT>/ios


SwiftDriverJobDiscovery normal x86_64 Compiling ForegroundHTTPFallbackPolicy.swift, GuideContent.swift, GuideStore.swift, GuideTopicDetailView.swift (in target 'QuakeSignal' from project 'QuakeSignal')

SwiftCompile normal arm64 Compiling\ PushPayload.swift,\ QuakeDetailView.swift,\ QuakeListView.swift,\ QuakeRowView.swift <SOURCE_ROOT>/ios/QuakeSignal/Notifications/PushPayload.swift <SOURCE_ROOT>/ios/QuakeSignal/Features/Detail/QuakeDetailView.swift <SOURCE_ROOT>/ios/QuakeSignal/Features/List/QuakeListView.swift <SOURCE_ROOT>/ios/QuakeSignal/Features/Home/QuakeRowView.swift (in target 'QuakeSignal' from project 'QuakeSignal')

SwiftCompile normal arm64 <SOURCE_ROOT>/ios/QuakeSignal/Notifications/PushPayload.swift (in target 'QuakeSignal' from project 'QuakeSignal')
    cd <SOURCE_ROOT>/ios


SwiftCompile normal arm64 <SOURCE_ROOT>/ios/QuakeSignal/Features/Detail/QuakeDetailView.swift (in target 'QuakeSignal' from project 'QuakeSignal')
    cd <SOURCE_ROOT>/ios


SwiftCompile normal arm64 <SOURCE_ROOT>/ios/QuakeSignal/Features/List/QuakeListView.swift (in target 'QuakeSignal' from project 'QuakeSignal')
    cd <SOURCE_ROOT>/ios


SwiftCompile normal arm64 <SOURCE_ROOT>/ios/QuakeSignal/Features/Home/QuakeRowView.swift (in target 'QuakeSignal' from project 'QuakeSignal')
    cd <SOURCE_ROOT>/ios


SwiftDriverJobDiscovery normal x86_64 Compiling BackendConfig.swift, City.swift, CityPickerView.swift, CoarseCoordinate.swift (in target 'QuakeSignal' from project 'QuakeSignal')

SwiftCompile normal arm64 Compiling\ EmergencyAlertAudio.swift,\ EpicenterMapView.swift,\ EventRevision.swift,\ FamilyCheckInView.swift <SOURCE_ROOT>/ios/QuakeSignal/Notifications/EmergencyAlertAudio.swift <SOURCE_ROOT>/ios/QuakeSignal/Features/Map/EpicenterMapView.swift <SOURCE_ROOT>/ios/QuakeSignal/Models/EventRevision.swift <SOURCE_ROOT>/ios/QuakeSignal/Features/Guide/FamilyCheckInView.swift (in target 'QuakeSignal' from project 'QuakeSignal')

SwiftCompile normal arm64 <SOURCE_ROOT>/ios/QuakeSignal/Notifications/EmergencyAlertAudio.swift (in target 'QuakeSignal' from project 'QuakeSignal')
    cd <SOURCE_ROOT>/ios


SwiftCompile normal arm64 <SOURCE_ROOT>/ios/QuakeSignal/Features/Map/EpicenterMapView.swift (in target 'QuakeSignal' from project 'QuakeSignal')
    cd <SOURCE_ROOT>/ios


SwiftCompile normal arm64 <SOURCE_ROOT>/ios/QuakeSignal/Models/EventRevision.swift (in target 'QuakeSignal' from project 'QuakeSignal')
    cd <SOURCE_ROOT>/ios


SwiftCompile normal arm64 <SOURCE_ROOT>/ios/QuakeSignal/Features/Guide/FamilyCheckInView.swift (in target 'QuakeSignal' from project 'QuakeSignal')
    cd <SOURCE_ROOT>/ios


SwiftDriverJobDiscovery normal x86_64 Compiling PushPayload.swift, QuakeDetailView.swift, QuakeListView.swift, QuakeRowView.swift (in target 'QuakeSignal' from project 'QuakeSignal')

SwiftCompile normal arm64 Compiling\ LocationManager.swift,\ NotificationManager.swift,\ OnboardingView.swift,\ PlatformCapabilities.swift <SOURCE_ROOT>/ios/QuakeSignal/State/LocationManager.swift <SOURCE_ROOT>/ios/QuakeSignal/Notifications/NotificationManager.swift <SOURCE_ROOT>/ios/QuakeSignal/Features/Onboarding/OnboardingView.swift <SOURCE_ROOT>/ios/QuakeSignal/App/PlatformCapabilities.swift (in target 'QuakeSignal' from project 'QuakeSignal')

SwiftCompile normal arm64 <SOURCE_ROOT>/ios/QuakeSignal/State/LocationManager.swift (in target 'QuakeSignal' from project 'QuakeSignal')
    cd <SOURCE_ROOT>/ios


SwiftCompile normal arm64 <SOURCE_ROOT>/ios/QuakeSignal/Notifications/NotificationManager.swift (in target 'QuakeSignal' from project 'QuakeSignal')
    cd <SOURCE_ROOT>/ios


SwiftCompile normal arm64 <SOURCE_ROOT>/ios/QuakeSignal/Features/Onboarding/OnboardingView.swift (in target 'QuakeSignal' from project 'QuakeSignal')
    cd <SOURCE_ROOT>/ios


SwiftCompile normal arm64 <SOURCE_ROOT>/ios/QuakeSignal/App/PlatformCapabilities.swift (in target 'QuakeSignal' from project 'QuakeSignal')
    cd <SOURCE_ROOT>/ios


SwiftDriverJobDiscovery normal x86_64 Compiling LocationManager.swift, NotificationManager.swift, OnboardingView.swift, PlatformCapabilities.swift (in target 'QuakeSignal' from project 'QuakeSignal')

SwiftCompile normal arm64 Compiling\ QuakeSignalApp.swift,\ QuakeStore.swift,\ RootView.swift,\ ScreenshotAutomation.swift <SOURCE_ROOT>/ios/QuakeSignal/App/QuakeSignalApp.swift <SOURCE_ROOT>/ios/QuakeSignal/State/QuakeStore.swift <SOURCE_ROOT>/ios/QuakeSignal/Features/Root/RootView.swift <SOURCE_ROOT>/ios/QuakeSignalShared/ScreenshotAutomation.swift (in target 'QuakeSignal' from project 'QuakeSignal')

SwiftCompile normal arm64 <SOURCE_ROOT>/ios/QuakeSignal/App/QuakeSignalApp.swift (in target 'QuakeSignal' from project 'QuakeSignal')
    cd <SOURCE_ROOT>/ios


SwiftCompile normal arm64 <SOURCE_ROOT>/ios/QuakeSignal/State/QuakeStore.swift (in target 'QuakeSignal' from project 'QuakeSignal')
    cd <SOURCE_ROOT>/ios


SwiftCompile normal arm64 <SOURCE_ROOT>/ios/QuakeSignal/Features/Root/RootView.swift (in target 'QuakeSignal' from project 'QuakeSignal')
    cd <SOURCE_ROOT>/ios


SwiftCompile normal arm64 <SOURCE_ROOT>/ios/QuakeSignalShared/ScreenshotAutomation.swift (in target 'QuakeSignal' from project 'QuakeSignal')
    cd <SOURCE_ROOT>/ios


SwiftDriverJobDiscovery normal x86_64 Emitting module for QuakeSignal (in target 'QuakeSignal' from project 'QuakeSignal')

SwiftDriver\ Compilation\ Requirements QuakeSignal normal x86_64 com.apple.xcode.tools.swift.compiler (in target 'QuakeSignal' from project 'QuakeSignal')
    cd <SOURCE_ROOT>/ios
    builtin-Swift-Compilation-Requirements -- <XCODE_APP>/Contents/Developer/Toolchains/XcodeDefault.xctoolchain/usr/bin/swiftc -module-name QuakeSignal -Onone @<ARTIFACT_ROOT>/build/Intermediates/QuakeSignal.build/Debug-iphonesimulator/QuakeSignal.build/Objects-normal/x86_64/QuakeSignal.SwiftFileList -DDEBUG -enable-experimental-feature DebugDescriptionMacro -sdk <XCODE_APP>/Contents/Developer/Platforms/iPhoneSimulator.platform/Developer/SDKs/iPhoneSimulator26.5.sdk -target x86_64-apple-ios17.0-simulator -g -module-cache-path <ARTIFACT_ROOT>/build/ModuleCache -Xfrontend -serialize-debugging-options -enable-testing -Xcc -D_LIBCPP_HARDENING_MODE\=_LIBCPP_HARDENING_MODE_DEBUG -swift-version 6 -I <ARTIFACT_ROOT>/build/Products/Debug-iphonesimulator -F <ARTIFACT_ROOT>/build/Products/Debug-iphonesimulator -c -j10 -enable-batch-mode -incremental -Xcc -ivfsstatcache -Xcc <ARTIFACT_ROOT>/xcode-cache/26.6-17F113/Xcode/26.6-17F113/Xcode/SDKStatCaches.noindex/iphonesimulator26.5-23F81a-1f122a3c1253c0e3a2240b2508b6516f.sdkstatcache -output-file-map <ARTIFACT_ROOT>/build/Intermediates/QuakeSignal.build/Debug-iphonesimulator/QuakeSignal.build/Objects-normal/x86_64/QuakeSignal-OutputFileMap.json -use-frontend-parseable-output -save-temps -no-color-diagnostics -explicit-module-build -module-cache-path <ARTIFACT_ROOT>/build/Intermediates/SwiftExplicitPrecompiledModules -clang-scanner-module-cache-path <ARTIFACT_ROOT>/build/ModuleCache -sdk-module-cache-path <ARTIFACT_ROOT>/build/ModuleCache -serialize-diagnostics -emit-dependencies -emit-module -emit-module-path <ARTIFACT_ROOT>/build/Intermediates/QuakeSignal.build/Debug-iphonesimulator/QuakeSignal.build/Objects-normal/x86_64/QuakeSignal.swiftmodule -validate-clang-modules-once -clang-build-session-file <ARTIFACT_ROOT>/xcode-cache/26.6-17F113/Xcode/ModuleCache.noindex/Session.modulevalidation -Xcc -I<ARTIFACT_ROOT>/build/Intermediates/QuakeSignal.build/Debug-iphonesimulator/QuakeSignal.build/swift-overrides.hmap -emit-const-values -Xfrontend -const-gather-protocols-file -Xfrontend <ARTIFACT_ROOT>/build/Intermediates/QuakeSignal.build/Debug-iphonesimulator/QuakeSignal.build/Objects-normal/x86_64/QuakeSignal_const_extract_protocols.json -Xcc -iquote -Xcc <ARTIFACT_ROOT>/build/Intermediates/QuakeSignal.build/Debug-iphonesimulator/QuakeSignal.build/QuakeSignal-generated-files.hmap -Xcc -I<ARTIFACT_ROOT>/build/Intermediates/QuakeSignal.build/Debug-iphonesimulator/QuakeSignal.build/QuakeSignal-own-target-headers.hmap -Xcc -I<ARTIFACT_ROOT>/build/Intermediates/QuakeSignal.build/Debug-iphonesimulator/QuakeSignal.build/QuakeSignal-all-target-headers.hmap -Xcc -iquote -Xcc <ARTIFACT_ROOT>/build/Intermediates/QuakeSignal.build/Debug-iphonesimulator/QuakeSignal.build/QuakeSignal-project-headers.hmap -Xcc -I<ARTIFACT_ROOT>/build/Products/Debug-iphonesimulator/include -Xcc -I<ARTIFACT_ROOT>/build/Intermediates/QuakeSignal.build/Debug-iphonesimulator/QuakeSignal.build/DerivedSources-normal/x86_64 -Xcc -I<ARTIFACT_ROOT>/build/Intermediates/QuakeSignal.build/Debug-iphonesimulator/QuakeSignal.build/DerivedSources/x86_64 -Xcc -I<ARTIFACT_ROOT>/build/Intermediates/QuakeSignal.build/Debug-iphonesimulator/QuakeSignal.build/DerivedSources -Xcc -DDEBUG\=1 -emit-objc-header -emit-objc-header-path <ARTIFACT_ROOT>/build/Intermediates/QuakeSignal.build/Debug-iphonesimulator/QuakeSignal.build/Objects-normal/x86_64/QuakeSignal-Swift.h -working-directory <SOURCE_ROOT>/ios -experimental-emit-module-separately -disable-cmo

SwiftDriverJobDiscovery normal x86_64 Compiling EmergencyAlertAudio.swift, EpicenterMapView.swift, EventRevision.swift, FamilyCheckInView.swift (in target 'QuakeSignal' from project 'QuakeSignal')

SwiftCompile normal x86_64 Compiling\ HomeView.swift,\ IntensityScale.swift,\ LiveSocketClient.swift,\ Localization.swift <SOURCE_ROOT>/ios/QuakeSignal/Features/Home/HomeView.swift <SOURCE_ROOT>/ios/QuakeSignal/Models/IntensityScale.swift <SOURCE_ROOT>/ios/QuakeSignal/Networking/LiveSocketClient.swift <SOURCE_ROOT>/ios/QuakeSignal/App/Localization.swift (in target 'QuakeSignal' from project 'QuakeSignal')

SwiftCompile normal x86_64 <SOURCE_ROOT>/ios/QuakeSignal/Features/Home/HomeView.swift (in target 'QuakeSignal' from project 'QuakeSignal')
    cd <SOURCE_ROOT>/ios


SwiftCompile normal x86_64 <SOURCE_ROOT>/ios/QuakeSignal/Models/IntensityScale.swift (in target 'QuakeSignal' from project 'QuakeSignal')
    cd <SOURCE_ROOT>/ios


SwiftCompile normal x86_64 <SOURCE_ROOT>/ios/QuakeSignal/Networking/LiveSocketClient.swift (in target 'QuakeSignal' from project 'QuakeSignal')
    cd <SOURCE_ROOT>/ios


SwiftCompile normal x86_64 <SOURCE_ROOT>/ios/QuakeSignal/App/Localization.swift (in target 'QuakeSignal' from project 'QuakeSignal')
    cd <SOURCE_ROOT>/ios


SwiftDriverJobDiscovery normal x86_64 Compiling APIClient.swift, AlertPolicy.swift, AppAttestClient.swift, AppDelegate.swift, AppSettings.swift (in target 'QuakeSignal' from project 'QuakeSignal')

Copy <ARTIFACT_ROOT>/build/Products/Debug-iphonesimulator/QuakeSignal.swiftmodule/x86_64-apple-ios-simulator.swiftmodule <ARTIFACT_ROOT>/build/Intermediates/QuakeSignal.build/Debug-iphonesimulator/QuakeSignal.build/Objects-normal/x86_64/QuakeSignal.swiftmodule (in target 'QuakeSignal' from project 'QuakeSignal')
    cd <SOURCE_ROOT>/ios
    builtin-copy -exclude .DS_Store -exclude CVS -exclude .svn -exclude .git -exclude .hg -resolve-src-symlinks -rename <ARTIFACT_ROOT>/build/Intermediates/QuakeSignal.build/Debug-iphonesimulator/QuakeSignal.build/Objects-normal/x86_64/QuakeSignal.swiftmodule <ARTIFACT_ROOT>/build/Products/Debug-iphonesimulator/QuakeSignal.swiftmodule/x86_64-apple-ios-simulator.swiftmodule

Copy <ARTIFACT_ROOT>/build/Products/Debug-iphonesimulator/QuakeSignal.swiftmodule/x86_64-apple-ios-simulator.swiftdoc <ARTIFACT_ROOT>/build/Intermediates/QuakeSignal.build/Debug-iphonesimulator/QuakeSignal.build/Objects-normal/x86_64/QuakeSignal.swiftdoc (in target 'QuakeSignal' from project 'QuakeSignal')
    cd <SOURCE_ROOT>/ios
    builtin-copy -exclude .DS_Store -exclude CVS -exclude .svn -exclude .git -exclude .hg -resolve-src-symlinks -rename <ARTIFACT_ROOT>/build/Intermediates/QuakeSignal.build/Debug-iphonesimulator/QuakeSignal.build/Objects-normal/x86_64/QuakeSignal.swiftdoc <ARTIFACT_ROOT>/build/Products/Debug-iphonesimulator/QuakeSignal.swiftmodule/x86_64-apple-ios-simulator.swiftdoc

Copy <ARTIFACT_ROOT>/build/Products/Debug-iphonesimulator/QuakeSignal.swiftmodule/x86_64-apple-ios-simulator.abi.json <ARTIFACT_ROOT>/build/Intermediates/QuakeSignal.build/Debug-iphonesimulator/QuakeSignal.build/Objects-normal/x86_64/QuakeSignal.abi.json (in target 'QuakeSignal' from project 'QuakeSignal')
    cd <SOURCE_ROOT>/ios
    builtin-copy -exclude .DS_Store -exclude CVS -exclude .svn -exclude .git -exclude .hg -resolve-src-symlinks -rename <ARTIFACT_ROOT>/build/Intermediates/QuakeSignal.build/Debug-iphonesimulator/QuakeSignal.build/Objects-normal/x86_64/QuakeSignal.abi.json <ARTIFACT_ROOT>/build/Products/Debug-iphonesimulator/QuakeSignal.swiftmodule/x86_64-apple-ios-simulator.abi.json

Copy <ARTIFACT_ROOT>/build/Products/Debug-iphonesimulator/QuakeSignal.swiftmodule/Project/x86_64-apple-ios-simulator.swiftsourceinfo <ARTIFACT_ROOT>/build/Intermediates/QuakeSignal.build/Debug-iphonesimulator/QuakeSignal.build/Objects-normal/x86_64/QuakeSignal.swiftsourceinfo (in target 'QuakeSignal' from project 'QuakeSignal')
    cd <SOURCE_ROOT>/ios
    builtin-copy -exclude .DS_Store -exclude CVS -exclude .svn -exclude .git -exclude .hg -resolve-src-symlinks -rename <ARTIFACT_ROOT>/build/Intermediates/QuakeSignal.build/Debug-iphonesimulator/QuakeSignal.build/Objects-normal/x86_64/QuakeSignal.swiftsourceinfo <ARTIFACT_ROOT>/build/Products/Debug-iphonesimulator/QuakeSignal.swiftmodule/Project/x86_64-apple-ios-simulator.swiftsourceinfo

SwiftCompile normal arm64 Compiling\ APIClient.swift,\ AlertPolicy.swift,\ AppAttestClient.swift,\ AppDelegate.swift,\ AppSettings.swift <SOURCE_ROOT>/ios/QuakeSignal/Networking/APIClient.swift <SOURCE_ROOT>/ios/QuakeSignal/State/AlertPolicy.swift <SOURCE_ROOT>/ios/QuakeSignal/Networking/AppAttestClient.swift <SOURCE_ROOT>/ios/QuakeSignal/App/AppDelegate.swift <SOURCE_ROOT>/ios/QuakeSignal/State/AppSettings.swift (in target 'QuakeSignal' from project 'QuakeSignal')

SwiftCompile normal arm64 <SOURCE_ROOT>/ios/QuakeSignal/Networking/APIClient.swift (in target 'QuakeSignal' from project 'QuakeSignal')
    cd <SOURCE_ROOT>/ios


SwiftCompile normal arm64 <SOURCE_ROOT>/ios/QuakeSignal/State/AlertPolicy.swift (in target 'QuakeSignal' from project 'QuakeSignal')
    cd <SOURCE_ROOT>/ios


SwiftCompile normal arm64 <SOURCE_ROOT>/ios/QuakeSignal/Networking/AppAttestClient.swift (in target 'QuakeSignal' from project 'QuakeSignal')
    cd <SOURCE_ROOT>/ios


SwiftCompile normal arm64 <SOURCE_ROOT>/ios/QuakeSignal/App/AppDelegate.swift (in target 'QuakeSignal' from project 'QuakeSignal')
    cd <SOURCE_ROOT>/ios


SwiftCompile normal arm64 <SOURCE_ROOT>/ios/QuakeSignal/State/AppSettings.swift (in target 'QuakeSignal' from project 'QuakeSignal')
    cd <SOURCE_ROOT>/ios


SwiftCompile normal arm64 Compiling\ HomeView.swift,\ IntensityScale.swift,\ LiveSocketClient.swift,\ Localization.swift <SOURCE_ROOT>/ios/QuakeSignal/Features/Home/HomeView.swift <SOURCE_ROOT>/ios/QuakeSignal/Models/IntensityScale.swift <SOURCE_ROOT>/ios/QuakeSignal/Networking/LiveSocketClient.swift <SOURCE_ROOT>/ios/QuakeSignal/App/Localization.swift (in target 'QuakeSignal' from project 'QuakeSignal')

SwiftCompile normal arm64 <SOURCE_ROOT>/ios/QuakeSignal/Features/Home/HomeView.swift (in target 'QuakeSignal' from project 'QuakeSignal')
    cd <SOURCE_ROOT>/ios


SwiftCompile normal arm64 <SOURCE_ROOT>/ios/QuakeSignal/Models/IntensityScale.swift (in target 'QuakeSignal' from project 'QuakeSignal')
    cd <SOURCE_ROOT>/ios


SwiftCompile normal arm64 <SOURCE_ROOT>/ios/QuakeSignal/Networking/LiveSocketClient.swift (in target 'QuakeSignal' from project 'QuakeSignal')
    cd <SOURCE_ROOT>/ios


SwiftCompile normal arm64 <SOURCE_ROOT>/ios/QuakeSignal/App/Localization.swift (in target 'QuakeSignal' from project 'QuakeSignal')
    cd <SOURCE_ROOT>/ios


SwiftDriverJobDiscovery normal arm64 Compiling PushPayload.swift, QuakeDetailView.swift, QuakeListView.swift, QuakeRowView.swift (in target 'QuakeSignal' from project 'QuakeSignal')

SwiftCompile normal arm64 Compiling\ BackendConfig.swift,\ City.swift,\ CityPickerView.swift,\ CoarseCoordinate.swift <SOURCE_ROOT>/ios/QuakeSignal/Networking/BackendConfig.swift <SOURCE_ROOT>/ios/QuakeSignal/Models/City.swift <SOURCE_ROOT>/ios/QuakeSignal/Features/Settings/CityPickerView.swift <SOURCE_ROOT>/ios/QuakeSignal/Models/CoarseCoordinate.swift (in target 'QuakeSignal' from project 'QuakeSignal')

SwiftCompile normal arm64 <SOURCE_ROOT>/ios/QuakeSignal/Networking/BackendConfig.swift (in target 'QuakeSignal' from project 'QuakeSignal')
    cd <SOURCE_ROOT>/ios


SwiftCompile normal arm64 <SOURCE_ROOT>/ios/QuakeSignal/Models/City.swift (in target 'QuakeSignal' from project 'QuakeSignal')
    cd <SOURCE_ROOT>/ios


SwiftCompile normal arm64 <SOURCE_ROOT>/ios/QuakeSignal/Features/Settings/CityPickerView.swift (in target 'QuakeSignal' from project 'QuakeSignal')
    cd <SOURCE_ROOT>/ios


SwiftCompile normal arm64 <SOURCE_ROOT>/ios/QuakeSignal/Models/CoarseCoordinate.swift (in target 'QuakeSignal' from project 'QuakeSignal')
    cd <SOURCE_ROOT>/ios


SwiftDriverJobDiscovery normal arm64 Emitting module for QuakeSignal (in target 'QuakeSignal' from project 'QuakeSignal')

SwiftDriver\ Compilation\ Requirements QuakeSignal normal arm64 com.apple.xcode.tools.swift.compiler (in target 'QuakeSignal' from project 'QuakeSignal')
    cd <SOURCE_ROOT>/ios
    builtin-Swift-Compilation-Requirements -- <XCODE_APP>/Contents/Developer/Toolchains/XcodeDefault.xctoolchain/usr/bin/swiftc -module-name QuakeSignal -Onone @<ARTIFACT_ROOT>/build/Intermediates/QuakeSignal.build/Debug-iphonesimulator/QuakeSignal.build/Objects-normal/arm64/QuakeSignal.SwiftFileList -DDEBUG -enable-experimental-feature DebugDescriptionMacro -sdk <XCODE_APP>/Contents/Developer/Platforms/iPhoneSimulator.platform/Developer/SDKs/iPhoneSimulator26.5.sdk -target arm64-apple-ios17.0-simulator -g -module-cache-path <ARTIFACT_ROOT>/build/ModuleCache -Xfrontend -serialize-debugging-options -enable-testing -Xcc -D_LIBCPP_HARDENING_MODE\=_LIBCPP_HARDENING_MODE_DEBUG -swift-version 6 -I <ARTIFACT_ROOT>/build/Products/Debug-iphonesimulator -F <ARTIFACT_ROOT>/build/Products/Debug-iphonesimulator -c -j10 -enable-batch-mode -incremental -Xcc -ivfsstatcache -Xcc <ARTIFACT_ROOT>/xcode-cache/26.6-17F113/Xcode/26.6-17F113/Xcode/SDKStatCaches.noindex/iphonesimulator26.5-23F81a-1f122a3c1253c0e3a2240b2508b6516f.sdkstatcache -output-file-map <ARTIFACT_ROOT>/build/Intermediates/QuakeSignal.build/Debug-iphonesimulator/QuakeSignal.build/Objects-normal/arm64/QuakeSignal-OutputFileMap.json -use-frontend-parseable-output -save-temps -no-color-diagnostics -explicit-module-build -module-cache-path <ARTIFACT_ROOT>/build/Intermediates/SwiftExplicitPrecompiledModules -clang-scanner-module-cache-path <ARTIFACT_ROOT>/build/ModuleCache -sdk-module-cache-path <ARTIFACT_ROOT>/build/ModuleCache -serialize-diagnostics -emit-dependencies -emit-module -emit-module-path <ARTIFACT_ROOT>/build/Intermediates/QuakeSignal.build/Debug-iphonesimulator/QuakeSignal.build/Objects-normal/arm64/QuakeSignal.swiftmodule -validate-clang-modules-once -clang-build-session-file <ARTIFACT_ROOT>/xcode-cache/26.6-17F113/Xcode/ModuleCache.noindex/Session.modulevalidation -Xcc -I<ARTIFACT_ROOT>/build/Intermediates/QuakeSignal.build/Debug-iphonesimulator/QuakeSignal.build/swift-overrides.hmap -emit-const-values -Xfrontend -const-gather-protocols-file -Xfrontend <ARTIFACT_ROOT>/build/Intermediates/QuakeSignal.build/Debug-iphonesimulator/QuakeSignal.build/Objects-normal/arm64/QuakeSignal_const_extract_protocols.json -Xcc -iquote -Xcc <ARTIFACT_ROOT>/build/Intermediates/QuakeSignal.build/Debug-iphonesimulator/QuakeSignal.build/QuakeSignal-generated-files.hmap -Xcc -I<ARTIFACT_ROOT>/build/Intermediates/QuakeSignal.build/Debug-iphonesimulator/QuakeSignal.build/QuakeSignal-own-target-headers.hmap -Xcc -I<ARTIFACT_ROOT>/build/Intermediates/QuakeSignal.build/Debug-iphonesimulator/QuakeSignal.build/QuakeSignal-all-target-headers.hmap -Xcc -iquote -Xcc <ARTIFACT_ROOT>/build/Intermediates/QuakeSignal.build/Debug-iphonesimulator/QuakeSignal.build/QuakeSignal-project-headers.hmap -Xcc -I<ARTIFACT_ROOT>/build/Products/Debug-iphonesimulator/include -Xcc -I<ARTIFACT_ROOT>/build/Intermediates/QuakeSignal.build/Debug-iphonesimulator/QuakeSignal.build/DerivedSources-normal/arm64 -Xcc -I<ARTIFACT_ROOT>/build/Intermediates/QuakeSignal.build/Debug-iphonesimulator/QuakeSignal.build/DerivedSources/arm64 -Xcc -I<ARTIFACT_ROOT>/build/Intermediates/QuakeSignal.build/Debug-iphonesimulator/QuakeSignal.build/DerivedSources -Xcc -DDEBUG\=1 -emit-objc-header -emit-objc-header-path <ARTIFACT_ROOT>/build/Intermediates/QuakeSignal.build/Debug-iphonesimulator/QuakeSignal.build/Objects-normal/arm64/QuakeSignal-Swift.h -working-directory <SOURCE_ROOT>/ios -experimental-emit-module-separately -disable-cmo

SwiftDriverJobDiscovery normal x86_64 Compiling SettingsView.swift, SourceDisclaimerView.swift, WolfxClient.swift, GeneratedAssetSymbols.swift (in target 'QuakeSignal' from project 'QuakeSignal')

SwiftCompile normal arm64 Compiling\ ForegroundHTTPFallbackPolicy.swift,\ GuideContent.swift,\ GuideStore.swift,\ GuideTopicDetailView.swift <SOURCE_ROOT>/ios/QuakeSignal/Networking/ForegroundHTTPFallbackPolicy.swift <SOURCE_ROOT>/ios/QuakeSignal/Models/GuideContent.swift <SOURCE_ROOT>/ios/QuakeSignal/State/GuideStore.swift <SOURCE_ROOT>/ios/QuakeSignal/Features/Guide/GuideTopicDetailView.swift (in target 'QuakeSignal' from project 'QuakeSignal')

SwiftCompile normal arm64 <SOURCE_ROOT>/ios/QuakeSignal/Networking/ForegroundHTTPFallbackPolicy.swift (in target 'QuakeSignal' from project 'QuakeSignal')
    cd <SOURCE_ROOT>/ios


SwiftCompile normal arm64 <SOURCE_ROOT>/ios/QuakeSignal/Models/GuideContent.swift (in target 'QuakeSignal' from project 'QuakeSignal')
    cd <SOURCE_ROOT>/ios


SwiftCompile normal arm64 <SOURCE_ROOT>/ios/QuakeSignal/State/GuideStore.swift (in target 'QuakeSignal' from project 'QuakeSignal')
    cd <SOURCE_ROOT>/ios


SwiftCompile normal arm64 <SOURCE_ROOT>/ios/QuakeSignal/Features/Guide/GuideTopicDetailView.swift (in target 'QuakeSignal' from project 'QuakeSignal')
    cd <SOURCE_ROOT>/ios


SwiftMergeGeneratedHeaders <ARTIFACT_ROOT>/build/Intermediates/QuakeSignal.build/Debug-iphonesimulator/QuakeSignal.build/DerivedSources/QuakeSignal-Swift.h <ARTIFACT_ROOT>/build/Intermediates/QuakeSignal.build/Debug-iphonesimulator/QuakeSignal.build/Objects-normal/arm64/QuakeSignal-Swift.h <ARTIFACT_ROOT>/build/Intermediates/QuakeSignal.build/Debug-iphonesimulator/QuakeSignal.build/Objects-normal/x86_64/QuakeSignal-Swift.h (in target 'QuakeSignal' from project 'QuakeSignal')
    cd <SOURCE_ROOT>/ios
    builtin-swiftHeaderTool -arch arm64 <ARTIFACT_ROOT>/build/Intermediates/QuakeSignal.build/Debug-iphonesimulator/QuakeSignal.build/Objects-normal/arm64/QuakeSignal-Swift.h -arch x86_64 <ARTIFACT_ROOT>/build/Intermediates/QuakeSignal.build/Debug-iphonesimulator/QuakeSignal.build/Objects-normal/x86_64/QuakeSignal-Swift.h -o <ARTIFACT_ROOT>/build/Intermediates/QuakeSignal.build/Debug-iphonesimulator/QuakeSignal.build/DerivedSources/QuakeSignal-Swift.h

SwiftDriverJobDiscovery normal arm64 Compiling LocationManager.swift, NotificationManager.swift, OnboardingView.swift, PlatformCapabilities.swift (in target 'QuakeSignal' from project 'QuakeSignal')

Copy <ARTIFACT_ROOT>/build/Products/Debug-iphonesimulator/QuakeSignal.swiftmodule/arm64-apple-ios-simulator.swiftmodule <ARTIFACT_ROOT>/build/Intermediates/QuakeSignal.build/Debug-iphonesimulator/QuakeSignal.build/Objects-normal/arm64/QuakeSignal.swiftmodule (in target 'QuakeSignal' from project 'QuakeSignal')
    cd <SOURCE_ROOT>/ios
    builtin-copy -exclude .DS_Store -exclude CVS -exclude .svn -exclude .git -exclude .hg -resolve-src-symlinks -rename <ARTIFACT_ROOT>/build/Intermediates/QuakeSignal.build/Debug-iphonesimulator/QuakeSignal.build/Objects-normal/arm64/QuakeSignal.swiftmodule <ARTIFACT_ROOT>/build/Products/Debug-iphonesimulator/QuakeSignal.swiftmodule/arm64-apple-ios-simulator.swiftmodule

Copy <ARTIFACT_ROOT>/build/Products/Debug-iphonesimulator/QuakeSignal.swiftmodule/arm64-apple-ios-simulator.swiftdoc <ARTIFACT_ROOT>/build/Intermediates/QuakeSignal.build/Debug-iphonesimulator/QuakeSignal.build/Objects-normal/arm64/QuakeSignal.swiftdoc (in target 'QuakeSignal' from project 'QuakeSignal')
    cd <SOURCE_ROOT>/ios
    builtin-copy -exclude .DS_Store -exclude CVS -exclude .svn -exclude .git -exclude .hg -resolve-src-symlinks -rename <ARTIFACT_ROOT>/build/Intermediates/QuakeSignal.build/Debug-iphonesimulator/QuakeSignal.build/Objects-normal/arm64/QuakeSignal.swiftdoc <ARTIFACT_ROOT>/build/Products/Debug-iphonesimulator/QuakeSignal.swiftmodule/arm64-apple-ios-simulator.swiftdoc

Copy <ARTIFACT_ROOT>/build/Products/Debug-iphonesimulator/QuakeSignal.swiftmodule/arm64-apple-ios-simulator.abi.json <ARTIFACT_ROOT>/build/Intermediates/QuakeSignal.build/Debug-iphonesimulator/QuakeSignal.build/Objects-normal/arm64/QuakeSignal.abi.json (in target 'QuakeSignal' from project 'QuakeSignal')
    cd <SOURCE_ROOT>/ios
    builtin-copy -exclude .DS_Store -exclude CVS -exclude .svn -exclude .git -exclude .hg -resolve-src-symlinks -rename <ARTIFACT_ROOT>/build/Intermediates/QuakeSignal.build/Debug-iphonesimulator/QuakeSignal.build/Objects-normal/arm64/QuakeSignal.abi.json <ARTIFACT_ROOT>/build/Products/Debug-iphonesimulator/QuakeSignal.swiftmodule/arm64-apple-ios-simulator.abi.json

Copy <ARTIFACT_ROOT>/build/Products/Debug-iphonesimulator/QuakeSignal.swiftmodule/Project/arm64-apple-ios-simulator.swiftsourceinfo <ARTIFACT_ROOT>/build/Intermediates/QuakeSignal.build/Debug-iphonesimulator/QuakeSignal.build/Objects-normal/arm64/QuakeSignal.swiftsourceinfo (in target 'QuakeSignal' from project 'QuakeSignal')
    cd <SOURCE_ROOT>/ios
    builtin-copy -exclude .DS_Store -exclude CVS -exclude .svn -exclude .git -exclude .hg -resolve-src-symlinks -rename <ARTIFACT_ROOT>/build/Intermediates/QuakeSignal.build/Debug-iphonesimulator/QuakeSignal.build/Objects-normal/arm64/QuakeSignal.swiftsourceinfo <ARTIFACT_ROOT>/build/Products/Debug-iphonesimulator/QuakeSignal.swiftmodule/Project/arm64-apple-ios-simulator.swiftsourceinfo

SwiftCompile normal arm64 Compiling\ DeviceRegistration.swift,\ DisasterGuideView.swift,\ EEWAlertView.swift,\ EEWEvent.swift <SOURCE_ROOT>/ios/QuakeSignal/Models/DeviceRegistration.swift <SOURCE_ROOT>/ios/QuakeSignal/Features/Guide/DisasterGuideView.swift <SOURCE_ROOT>/ios/QuakeSignal/Features/AlertDetail/EEWAlertView.swift <SOURCE_ROOT>/ios/QuakeSignal/Models/EEWEvent.swift (in target 'QuakeSignal' from project 'QuakeSignal')

SwiftCompile normal arm64 <SOURCE_ROOT>/ios/QuakeSignal/Models/DeviceRegistration.swift (in target 'QuakeSignal' from project 'QuakeSignal')
    cd <SOURCE_ROOT>/ios


SwiftCompile normal arm64 <SOURCE_ROOT>/ios/QuakeSignal/Features/Guide/DisasterGuideView.swift (in target 'QuakeSignal' from project 'QuakeSignal')
    cd <SOURCE_ROOT>/ios


SwiftCompile normal arm64 <SOURCE_ROOT>/ios/QuakeSignal/Features/AlertDetail/EEWAlertView.swift (in target 'QuakeSignal' from project 'QuakeSignal')
    cd <SOURCE_ROOT>/ios


SwiftCompile normal arm64 <SOURCE_ROOT>/ios/QuakeSignal/Models/EEWEvent.swift (in target 'QuakeSignal' from project 'QuakeSignal')
    cd <SOURCE_ROOT>/ios


SwiftDriverJobDiscovery normal arm64 Compiling EmergencyAlertAudio.swift, EpicenterMapView.swift, EventRevision.swift, FamilyCheckInView.swift (in target 'QuakeSignal' from project 'QuakeSignal')

SwiftCompile normal arm64 Compiling\ SettingsView.swift,\ SourceDisclaimerView.swift,\ WolfxClient.swift,\ GeneratedAssetSymbols.swift <SOURCE_ROOT>/ios/QuakeSignal/Features/Settings/SettingsView.swift <SOURCE_ROOT>/ios/QuakeSignal/Features/Settings/SourceDisclaimerView.swift <SOURCE_ROOT>/ios/QuakeSignal/Networking/WolfxClient.swift <ARTIFACT_ROOT>/build/Intermediates/QuakeSignal.build/Debug-iphonesimulator/QuakeSignal.build/DerivedSources/GeneratedAssetSymbols.swift (in target 'QuakeSignal' from project 'QuakeSignal')

SwiftCompile normal arm64 <SOURCE_ROOT>/ios/QuakeSignal/Features/Settings/SettingsView.swift (in target 'QuakeSignal' from project 'QuakeSignal')
    cd <SOURCE_ROOT>/ios


SwiftCompile normal arm64 <SOURCE_ROOT>/ios/QuakeSignal/Features/Settings/SourceDisclaimerView.swift (in target 'QuakeSignal' from project 'QuakeSignal')
    cd <SOURCE_ROOT>/ios


SwiftCompile normal arm64 <SOURCE_ROOT>/ios/QuakeSignal/Networking/WolfxClient.swift (in target 'QuakeSignal' from project 'QuakeSignal')
    cd <SOURCE_ROOT>/ios


SwiftCompile normal arm64 <ARTIFACT_ROOT>/build/Intermediates/QuakeSignal.build/Debug-iphonesimulator/QuakeSignal.build/DerivedSources/GeneratedAssetSymbols.swift (in target 'QuakeSignal' from project 'QuakeSignal')
    cd <SOURCE_ROOT>/ios


SwiftCompile normal x86_64 Compiling\ DeviceRegistration.swift,\ DisasterGuideView.swift,\ EEWAlertView.swift,\ EEWEvent.swift <SOURCE_ROOT>/ios/QuakeSignal/Models/DeviceRegistration.swift <SOURCE_ROOT>/ios/QuakeSignal/Features/Guide/DisasterGuideView.swift <SOURCE_ROOT>/ios/QuakeSignal/Features/AlertDetail/EEWAlertView.swift <SOURCE_ROOT>/ios/QuakeSignal/Models/EEWEvent.swift (in target 'QuakeSignal' from project 'QuakeSignal')

SwiftCompile normal x86_64 <SOURCE_ROOT>/ios/QuakeSignal/Models/DeviceRegistration.swift (in target 'QuakeSignal' from project 'QuakeSignal')
    cd <SOURCE_ROOT>/ios


SwiftCompile normal x86_64 <SOURCE_ROOT>/ios/QuakeSignal/Features/Guide/DisasterGuideView.swift (in target 'QuakeSignal' from project 'QuakeSignal')
    cd <SOURCE_ROOT>/ios


SwiftCompile normal x86_64 <SOURCE_ROOT>/ios/QuakeSignal/Features/AlertDetail/EEWAlertView.swift (in target 'QuakeSignal' from project 'QuakeSignal')
    cd <SOURCE_ROOT>/ios


SwiftCompile normal x86_64 <SOURCE_ROOT>/ios/QuakeSignal/Models/EEWEvent.swift (in target 'QuakeSignal' from project 'QuakeSignal')
    cd <SOURCE_ROOT>/ios


SwiftDriverJobDiscovery normal arm64 Compiling ForegroundHTTPFallbackPolicy.swift, GuideContent.swift, GuideStore.swift, GuideTopicDetailView.swift (in target 'QuakeSignal' from project 'QuakeSignal')

SwiftCompile normal x86_64 Compiling\ QuakeSignalApp.swift,\ QuakeStore.swift,\ RootView.swift,\ ScreenshotAutomation.swift <SOURCE_ROOT>/ios/QuakeSignal/App/QuakeSignalApp.swift <SOURCE_ROOT>/ios/QuakeSignal/State/QuakeStore.swift <SOURCE_ROOT>/ios/QuakeSignal/Features/Root/RootView.swift <SOURCE_ROOT>/ios/QuakeSignalShared/ScreenshotAutomation.swift (in target 'QuakeSignal' from project 'QuakeSignal')

SwiftCompile normal x86_64 <SOURCE_ROOT>/ios/QuakeSignal/App/QuakeSignalApp.swift (in target 'QuakeSignal' from project 'QuakeSignal')
    cd <SOURCE_ROOT>/ios


SwiftCompile normal x86_64 <SOURCE_ROOT>/ios/QuakeSignal/State/QuakeStore.swift (in target 'QuakeSignal' from project 'QuakeSignal')
    cd <SOURCE_ROOT>/ios


SwiftCompile normal x86_64 <SOURCE_ROOT>/ios/QuakeSignal/Features/Root/RootView.swift (in target 'QuakeSignal' from project 'QuakeSignal')
    cd <SOURCE_ROOT>/ios


SwiftCompile normal x86_64 <SOURCE_ROOT>/ios/QuakeSignalShared/ScreenshotAutomation.swift (in target 'QuakeSignal' from project 'QuakeSignal')
    cd <SOURCE_ROOT>/ios


SwiftDriverJobDiscovery normal arm64 Compiling BackendConfig.swift, City.swift, CityPickerView.swift, CoarseCoordinate.swift (in target 'QuakeSignal' from project 'QuakeSignal')

SwiftDriverJobDiscovery normal arm64 Compiling QuakeSignalApp.swift, QuakeStore.swift, RootView.swift, ScreenshotAutomation.swift (in target 'QuakeSignal' from project 'QuakeSignal')

SwiftDriverJobDiscovery normal x86_64 Compiling HomeView.swift, IntensityScale.swift, LiveSocketClient.swift, Localization.swift (in target 'QuakeSignal' from project 'QuakeSignal')

SwiftDriverJobDiscovery normal arm64 Compiling APIClient.swift, AlertPolicy.swift, AppAttestClient.swift, AppDelegate.swift, AppSettings.swift (in target 'QuakeSignal' from project 'QuakeSignal')

SwiftDriverJobDiscovery normal arm64 Compiling HomeView.swift, IntensityScale.swift, LiveSocketClient.swift, Localization.swift (in target 'QuakeSignal' from project 'QuakeSignal')

SwiftDriverJobDiscovery normal arm64 Compiling DeviceRegistration.swift, DisasterGuideView.swift, EEWAlertView.swift, EEWEvent.swift (in target 'QuakeSignal' from project 'QuakeSignal')

SwiftDriverJobDiscovery normal x86_64 Compiling DeviceRegistration.swift, DisasterGuideView.swift, EEWAlertView.swift, EEWEvent.swift (in target 'QuakeSignal' from project 'QuakeSignal')

SwiftDriverJobDiscovery normal x86_64 Compiling QuakeSignalApp.swift, QuakeStore.swift, RootView.swift, ScreenshotAutomation.swift (in target 'QuakeSignal' from project 'QuakeSignal')

SwiftDriver\ Compilation QuakeSignal normal x86_64 com.apple.xcode.tools.swift.compiler (in target 'QuakeSignal' from project 'QuakeSignal')
    cd <SOURCE_ROOT>/ios
    builtin-Swift-Compilation -- <XCODE_APP>/Contents/Developer/Toolchains/XcodeDefault.xctoolchain/usr/bin/swiftc -module-name QuakeSignal -Onone @<ARTIFACT_ROOT>/build/Intermediates/QuakeSignal.build/Debug-iphonesimulator/QuakeSignal.build/Objects-normal/x86_64/QuakeSignal.SwiftFileList -DDEBUG -enable-experimental-feature DebugDescriptionMacro -sdk <XCODE_APP>/Contents/Developer/Platforms/iPhoneSimulator.platform/Developer/SDKs/iPhoneSimulator26.5.sdk -target x86_64-apple-ios17.0-simulator -g -module-cache-path <ARTIFACT_ROOT>/build/ModuleCache -Xfrontend -serialize-debugging-options -enable-testing -Xcc -D_LIBCPP_HARDENING_MODE\=_LIBCPP_HARDENING_MODE_DEBUG -swift-version 6 -I <ARTIFACT_ROOT>/build/Products/Debug-iphonesimulator -F <ARTIFACT_ROOT>/build/Products/Debug-iphonesimulator -c -j10 -enable-batch-mode -incremental -Xcc -ivfsstatcache -Xcc <ARTIFACT_ROOT>/xcode-cache/26.6-17F113/Xcode/26.6-17F113/Xcode/SDKStatCaches.noindex/iphonesimulator26.5-23F81a-1f122a3c1253c0e3a2240b2508b6516f.sdkstatcache -output-file-map <ARTIFACT_ROOT>/build/Intermediates/QuakeSignal.build/Debug-iphonesimulator/QuakeSignal.build/Objects-normal/x86_64/QuakeSignal-OutputFileMap.json -use-frontend-parseable-output -save-temps -no-color-diagnostics -explicit-module-build -module-cache-path <ARTIFACT_ROOT>/build/Intermediates/SwiftExplicitPrecompiledModules -clang-scanner-module-cache-path <ARTIFACT_ROOT>/build/ModuleCache -sdk-module-cache-path <ARTIFACT_ROOT>/build/ModuleCache -serialize-diagnostics -emit-dependencies -emit-module -emit-module-path <ARTIFACT_ROOT>/build/Intermediates/QuakeSignal.build/Debug-iphonesimulator/QuakeSignal.build/Objects-normal/x86_64/QuakeSignal.swiftmodule -validate-clang-modules-once -clang-build-session-file <ARTIFACT_ROOT>/xcode-cache/26.6-17F113/Xcode/ModuleCache.noindex/Session.modulevalidation -Xcc -I<ARTIFACT_ROOT>/build/Intermediates/QuakeSignal.build/Debug-iphonesimulator/QuakeSignal.build/swift-overrides.hmap -emit-const-values -Xfrontend -const-gather-protocols-file -Xfrontend <ARTIFACT_ROOT>/build/Intermediates/QuakeSignal.build/Debug-iphonesimulator/QuakeSignal.build/Objects-normal/x86_64/QuakeSignal_const_extract_protocols.json -Xcc -iquote -Xcc <ARTIFACT_ROOT>/build/Intermediates/QuakeSignal.build/Debug-iphonesimulator/QuakeSignal.build/QuakeSignal-generated-files.hmap -Xcc -I<ARTIFACT_ROOT>/build/Intermediates/QuakeSignal.build/Debug-iphonesimulator/QuakeSignal.build/QuakeSignal-own-target-headers.hmap -Xcc -I<ARTIFACT_ROOT>/build/Intermediates/QuakeSignal.build/Debug-iphonesimulator/QuakeSignal.build/QuakeSignal-all-target-headers.hmap -Xcc -iquote -Xcc <ARTIFACT_ROOT>/build/Intermediates/QuakeSignal.build/Debug-iphonesimulator/QuakeSignal.build/QuakeSignal-project-headers.hmap -Xcc -I<ARTIFACT_ROOT>/build/Products/Debug-iphonesimulator/include -Xcc -I<ARTIFACT_ROOT>/build/Intermediates/QuakeSignal.build/Debug-iphonesimulator/QuakeSignal.build/DerivedSources-normal/x86_64 -Xcc -I<ARTIFACT_ROOT>/build/Intermediates/QuakeSignal.build/Debug-iphonesimulator/QuakeSignal.build/DerivedSources/x86_64 -Xcc -I<ARTIFACT_ROOT>/build/Intermediates/QuakeSignal.build/Debug-iphonesimulator/QuakeSignal.build/DerivedSources -Xcc -DDEBUG\=1 -emit-objc-header -emit-objc-header-path <ARTIFACT_ROOT>/build/Intermediates/QuakeSignal.build/Debug-iphonesimulator/QuakeSignal.build/Objects-normal/x86_64/QuakeSignal-Swift.h -working-directory <SOURCE_ROOT>/ios -experimental-emit-module-separately -disable-cmo

SwiftDriverJobDiscovery normal arm64 Compiling SettingsView.swift, SourceDisclaimerView.swift, WolfxClient.swift, GeneratedAssetSymbols.swift (in target 'QuakeSignal' from project 'QuakeSignal')

SwiftDriver\ Compilation QuakeSignal normal arm64 com.apple.xcode.tools.swift.compiler (in target 'QuakeSignal' from project 'QuakeSignal')
    cd <SOURCE_ROOT>/ios
    builtin-Swift-Compilation -- <XCODE_APP>/Contents/Developer/Toolchains/XcodeDefault.xctoolchain/usr/bin/swiftc -module-name QuakeSignal -Onone @<ARTIFACT_ROOT>/build/Intermediates/QuakeSignal.build/Debug-iphonesimulator/QuakeSignal.build/Objects-normal/arm64/QuakeSignal.SwiftFileList -DDEBUG -enable-experimental-feature DebugDescriptionMacro -sdk <XCODE_APP>/Contents/Developer/Platforms/iPhoneSimulator.platform/Developer/SDKs/iPhoneSimulator26.5.sdk -target arm64-apple-ios17.0-simulator -g -module-cache-path <ARTIFACT_ROOT>/build/ModuleCache -Xfrontend -serialize-debugging-options -enable-testing -Xcc -D_LIBCPP_HARDENING_MODE\=_LIBCPP_HARDENING_MODE_DEBUG -swift-version 6 -I <ARTIFACT_ROOT>/build/Products/Debug-iphonesimulator -F <ARTIFACT_ROOT>/build/Products/Debug-iphonesimulator -c -j10 -enable-batch-mode -incremental -Xcc -ivfsstatcache -Xcc <ARTIFACT_ROOT>/xcode-cache/26.6-17F113/Xcode/26.6-17F113/Xcode/SDKStatCaches.noindex/iphonesimulator26.5-23F81a-1f122a3c1253c0e3a2240b2508b6516f.sdkstatcache -output-file-map <ARTIFACT_ROOT>/build/Intermediates/QuakeSignal.build/Debug-iphonesimulator/QuakeSignal.build/Objects-normal/arm64/QuakeSignal-OutputFileMap.json -use-frontend-parseable-output -save-temps -no-color-diagnostics -explicit-module-build -module-cache-path <ARTIFACT_ROOT>/build/Intermediates/SwiftExplicitPrecompiledModules -clang-scanner-module-cache-path <ARTIFACT_ROOT>/build/ModuleCache -sdk-module-cache-path <ARTIFACT_ROOT>/build/ModuleCache -serialize-diagnostics -emit-dependencies -emit-module -emit-module-path <ARTIFACT_ROOT>/build/Intermediates/QuakeSignal.build/Debug-iphonesimulator/QuakeSignal.build/Objects-normal/arm64/QuakeSignal.swiftmodule -validate-clang-modules-once -clang-build-session-file <ARTIFACT_ROOT>/xcode-cache/26.6-17F113/Xcode/ModuleCache.noindex/Session.modulevalidation -Xcc -I<ARTIFACT_ROOT>/build/Intermediates/QuakeSignal.build/Debug-iphonesimulator/QuakeSignal.build/swift-overrides.hmap -emit-const-values -Xfrontend -const-gather-protocols-file -Xfrontend <ARTIFACT_ROOT>/build/Intermediates/QuakeSignal.build/Debug-iphonesimulator/QuakeSignal.build/Objects-normal/arm64/QuakeSignal_const_extract_protocols.json -Xcc -iquote -Xcc <ARTIFACT_ROOT>/build/Intermediates/QuakeSignal.build/Debug-iphonesimulator/QuakeSignal.build/QuakeSignal-generated-files.hmap -Xcc -I<ARTIFACT_ROOT>/build/Intermediates/QuakeSignal.build/Debug-iphonesimulator/QuakeSignal.build/QuakeSignal-own-target-headers.hmap -Xcc -I<ARTIFACT_ROOT>/build/Intermediates/QuakeSignal.build/Debug-iphonesimulator/QuakeSignal.build/QuakeSignal-all-target-headers.hmap -Xcc -iquote -Xcc <ARTIFACT_ROOT>/build/Intermediates/QuakeSignal.build/Debug-iphonesimulator/QuakeSignal.build/QuakeSignal-project-headers.hmap -Xcc -I<ARTIFACT_ROOT>/build/Products/Debug-iphonesimulator/include -Xcc -I<ARTIFACT_ROOT>/build/Intermediates/QuakeSignal.build/Debug-iphonesimulator/QuakeSignal.build/DerivedSources-normal/arm64 -Xcc -I<ARTIFACT_ROOT>/build/Intermediates/QuakeSignal.build/Debug-iphonesimulator/QuakeSignal.build/DerivedSources/arm64 -Xcc -I<ARTIFACT_ROOT>/build/Intermediates/QuakeSignal.build/Debug-iphonesimulator/QuakeSignal.build/DerivedSources -Xcc -DDEBUG\=1 -emit-objc-header -emit-objc-header-path <ARTIFACT_ROOT>/build/Intermediates/QuakeSignal.build/Debug-iphonesimulator/QuakeSignal.build/Objects-normal/arm64/QuakeSignal-Swift.h -working-directory <SOURCE_ROOT>/ios -experimental-emit-module-separately -disable-cmo

LinkAssetCatalog <SOURCE_ROOT>/ios/QuakeSignal/Assets.xcassets <SOURCE_ROOT>/ios/QuakeSignalWatch/Assets.xcassets (in target 'QuakeSignalWatch' from project 'QuakeSignal')
    cd <SOURCE_ROOT>/ios
    builtin-linkAssetCatalog --thinned <ARTIFACT_ROOT>/build/Intermediates/QuakeSignal.build/Debug-iphonesimulator/QuakeSignalWatch.build/assetcatalog_output/thinned --thinned-dependencies <ARTIFACT_ROOT>/build/Intermediates/QuakeSignal.build/Debug-iphonesimulator/QuakeSignalWatch.build/assetcatalog_dependencies_thinned --thinned-info-plist-content <ARTIFACT_ROOT>/build/Intermediates/QuakeSignal.build/Debug-iphonesimulator/QuakeSignalWatch.build/assetcatalog_generated_info.plist_thinned --unthinned <ARTIFACT_ROOT>/build/Intermediates/QuakeSignal.build/Debug-iphonesimulator/QuakeSignalWatch.build/assetcatalog_output/unthinned --unthinned-dependencies <ARTIFACT_ROOT>/build/Intermediates/QuakeSignal.build/Debug-iphonesimulator/QuakeSignalWatch.build/assetcatalog_dependencies_unthinned --unthinned-info-plist-content <ARTIFACT_ROOT>/build/Intermediates/QuakeSignal.build/Debug-iphonesimulator/QuakeSignalWatch.build/assetcatalog_generated_info.plist_unthinned --output <ARTIFACT_ROOT>/build/Products/Debug-iphonesimulator/QuakeSignalWatch.app --plist-output <ARTIFACT_ROOT>/build/Intermediates/QuakeSignal.build/Debug-iphonesimulator/QuakeSignalWatch.build/assetcatalog_generated_info.plist
note: Emplaced <ARTIFACT_ROOT>/build/Products/Debug-iphonesimulator/QuakeSignalWatch.app/AppIcon76x76@2x~ipad.png (in target 'QuakeSignalWatch' from project 'QuakeSignal')
note: Emplaced <ARTIFACT_ROOT>/build/Products/Debug-iphonesimulator/QuakeSignalWatch.app/AppIcon60x60@2x.png (in target 'QuakeSignalWatch' from project 'QuakeSignal')
note: Emplaced <ARTIFACT_ROOT>/build/Products/Debug-iphonesimulator/QuakeSignalWatch.app/Assets.car (in target 'QuakeSignalWatch' from project 'QuakeSignal')

LinkAssetCatalog <SOURCE_ROOT>/ios/QuakeSignal/Assets.xcassets (in target 'QuakeSignal' from project 'QuakeSignal')
    cd <SOURCE_ROOT>/ios
    builtin-linkAssetCatalog --thinned <ARTIFACT_ROOT>/build/Intermediates/QuakeSignal.build/Debug-iphonesimulator/QuakeSignal.build/assetcatalog_output/thinned --thinned-dependencies <ARTIFACT_ROOT>/build/Intermediates/QuakeSignal.build/Debug-iphonesimulator/QuakeSignal.build/assetcatalog_dependencies_thinned --thinned-info-plist-content <ARTIFACT_ROOT>/build/Intermediates/QuakeSignal.build/Debug-iphonesimulator/QuakeSignal.build/assetcatalog_generated_info.plist_thinned --unthinned <ARTIFACT_ROOT>/build/Intermediates/QuakeSignal.build/Debug-iphonesimulator/QuakeSignal.build/assetcatalog_output/unthinned --unthinned-dependencies <ARTIFACT_ROOT>/build/Intermediates/QuakeSignal.build/Debug-iphonesimulator/QuakeSignal.build/assetcatalog_dependencies_unthinned --unthinned-info-plist-content <ARTIFACT_ROOT>/build/Intermediates/QuakeSignal.build/Debug-iphonesimulator/QuakeSignal.build/assetcatalog_generated_info.plist_unthinned --output <ARTIFACT_ROOT>/build/Products/Debug-iphonesimulator/QuakeSignal.app --plist-output <ARTIFACT_ROOT>/build/Intermediates/QuakeSignal.build/Debug-iphonesimulator/QuakeSignal.build/assetcatalog_generated_info.plist
note: Emplaced <ARTIFACT_ROOT>/build/Products/Debug-iphonesimulator/QuakeSignal.app/AppIcon60x60@2x.png (in target 'QuakeSignal' from project 'QuakeSignal')
note: Emplaced <ARTIFACT_ROOT>/build/Products/Debug-iphonesimulator/QuakeSignal.app/AppIcon76x76@2x~ipad.png (in target 'QuakeSignal' from project 'QuakeSignal')
note: Emplaced <ARTIFACT_ROOT>/build/Products/Debug-iphonesimulator/QuakeSignal.app/Assets.car (in target 'QuakeSignal' from project 'QuakeSignal')

ProcessInfoPlistFile <ARTIFACT_ROOT>/build/Products/Debug-iphonesimulator/QuakeSignalWatch.app/Info.plist <SOURCE_ROOT>/ios/QuakeSignalWatch/Supporting/Info.plist (in target 'QuakeSignalWatch' from project 'QuakeSignal')
    cd <SOURCE_ROOT>/ios
    builtin-infoPlistUtility <SOURCE_ROOT>/ios/QuakeSignalWatch/Supporting/Info.plist -producttype com.apple.product-type.application -genpkginfo <ARTIFACT_ROOT>/build/Products/Debug-iphonesimulator/QuakeSignalWatch.app/PkgInfo -expandbuildsettings -format binary -platform iphonesimulator -additionalcontentfile <ARTIFACT_ROOT>/build/Intermediates/QuakeSignal.build/Debug-iphonesimulator/QuakeSignalWatch.build/assetcatalog_generated_info.plist -o <ARTIFACT_ROOT>/build/Products/Debug-iphonesimulator/QuakeSignalWatch.app/Info.plist
warning: TARGETED_DEVICE_FAMILY value (4) does not contain any device family values compatible with the iOS platform. Please add one or more of the following values to the TARGETED_DEVICE_FAMILY build setting to indicate the device families supported by this target: '1' (indicating 'iPhone'), '2' (indicating 'iPad'). (in target 'QuakeSignalWatch' from project 'QuakeSignal')

CopySwiftLibs <ARTIFACT_ROOT>/build/Products/Debug-iphonesimulator/QuakeSignalWatch.app (in target 'QuakeSignalWatch' from project 'QuakeSignal')
    cd <SOURCE_ROOT>/ios
    builtin-swiftStdLibTool --copy --verbose --scan-executable <ARTIFACT_ROOT>/build/Products/Debug-iphonesimulator/QuakeSignalWatch.app/QuakeSignalWatch --scan-folder <ARTIFACT_ROOT>/build/Products/Debug-iphonesimulator/QuakeSignalWatch.app/Frameworks --scan-folder <ARTIFACT_ROOT>/build/Products/Debug-iphonesimulator/QuakeSignalWatch.app/PlugIns --scan-folder <ARTIFACT_ROOT>/build/Products/Debug-iphonesimulator/QuakeSignalWatch.app/SystemExtensions --scan-folder <ARTIFACT_ROOT>/build/Products/Debug-iphonesimulator/QuakeSignalWatch.app/Extensions --platform iphonesimulator --toolchain <XCODE_APP>/Contents/Developer/Toolchains/XcodeDefault.xctoolchain --destination <ARTIFACT_ROOT>/build/Products/Debug-iphonesimulator/QuakeSignalWatch.app/Frameworks --strip-bitcode --strip-bitcode-tool <XCODE_APP>/Contents/Developer/Toolchains/XcodeDefault.xctoolchain/usr/bin/bitcode_strip --emit-dependency-info <ARTIFACT_ROOT>/build/Intermediates/QuakeSignal.build/Debug-iphonesimulator/QuakeSignalWatch.build/SwiftStdLibToolInputDependencies.dep --filter-for-swift-os --back-deploy-swift-span
Ignoring --strip-bitcode because --sign was not passed

ExtractAppIntentsMetadata (in target 'QuakeSignalWatch' from project 'QuakeSignal')
    cd <SOURCE_ROOT>/ios
    <XCODE_APP>/Contents/Developer/Toolchains/XcodeDefault.xctoolchain/usr/bin/appintentsmetadataprocessor --toolchain-dir <XCODE_APP>/Contents/Developer/Toolchains/XcodeDefault.xctoolchain --module-name QuakeSignalWatch --sdk-root <XCODE_APP>/Contents/Developer/Platforms/iPhoneSimulator.platform/Developer/SDKs/iPhoneSimulator26.5.sdk --xcode-version 17F113 --platform-family iOS --deployment-target 17.0 --bundle-identifier com.quakesignal.app.watchkitapp --output <ARTIFACT_ROOT>/build/Products/Debug-iphonesimulator/QuakeSignalWatch.app --target-triple arm64-apple-ios17.0-simulator --target-triple x86_64-apple-ios17.0-simulator --binary-file <ARTIFACT_ROOT>/build/Products/Debug-iphonesimulator/QuakeSignalWatch.app/QuakeSignalWatch --dependency-file <ARTIFACT_ROOT>/build/Intermediates/QuakeSignal.build/Debug-iphonesimulator/QuakeSignalWatch.build/Objects-normal/arm64/QuakeSignalWatch_dependency_info.dat --dependency-file <ARTIFACT_ROOT>/build/Intermediates/QuakeSignal.build/Debug-iphonesimulator/QuakeSignalWatch.build/Objects-normal/x86_64/QuakeSignalWatch_dependency_info.dat --stringsdata-file <ARTIFACT_ROOT>/build/Intermediates/QuakeSignal.build/Debug-iphonesimulator/QuakeSignalWatch.build/Objects-normal/arm64/ExtractedAppShortcutsMetadata.stringsdata --stringsdata-file <ARTIFACT_ROOT>/build/Intermediates/QuakeSignal.build/Debug-iphonesimulator/QuakeSignalWatch.build/Objects-normal/x86_64/ExtractedAppShortcutsMetadata.stringsdata --source-file-list <ARTIFACT_ROOT>/build/Intermediates/QuakeSignal.build/Debug-iphonesimulator/QuakeSignalWatch.build/Objects-normal/arm64/QuakeSignalWatch.SwiftFileList --source-file-list <ARTIFACT_ROOT>/build/Intermediates/QuakeSignal.build/Debug-iphonesimulator/QuakeSignalWatch.build/Objects-normal/x86_64/QuakeSignalWatch.SwiftFileList --metadata-file-list <ARTIFACT_ROOT>/build/Intermediates/QuakeSignal.build/Debug-iphonesimulator/QuakeSignalWatch.build/QuakeSignalWatch.DependencyMetadataFileList --static-metadata-file-list <ARTIFACT_ROOT>/build/Intermediates/QuakeSignal.build/Debug-iphonesimulator/QuakeSignalWatch.build/QuakeSignalWatch.DependencyStaticMetadataFileList --swift-const-vals-list <ARTIFACT_ROOT>/build/Intermediates/QuakeSignal.build/Debug-iphonesimulator/QuakeSignalWatch.build/Objects-normal/arm64/QuakeSignalWatch.SwiftConstValuesFileList --swift-const-vals-list <ARTIFACT_ROOT>/build/Intermediates/QuakeSignal.build/Debug-iphonesimulator/QuakeSignalWatch.build/Objects-normal/x86_64/QuakeSignalWatch.SwiftConstValuesFileList --compile-time-extraction --deployment-aware-processing --validate-assistant-intents --no-app-shortcuts-localization
2026-08-20 06:29:54.762 appintentsmetadataprocessor[66080:3875244] Starting appintentsmetadataprocessor export
2026-08-20 06:29:54.767 appintentsmetadataprocessor[66080:3875244] warning: Metadata extraction skipped. No AppIntents.framework dependency found.

AppIntentsSSUTraining (in target 'QuakeSignalWatch' from project 'QuakeSignal')
    cd <SOURCE_ROOT>/ios
    <XCODE_APP>/Contents/Developer/Toolchains/XcodeDefault.xctoolchain/usr/bin/appintentsnltrainingprocessor --infoplist-path <ARTIFACT_ROOT>/build/Products/Debug-iphonesimulator/QuakeSignalWatch.app/Info.plist --temp-dir-path <ARTIFACT_ROOT>/build/Intermediates/QuakeSignal.build/Debug-iphonesimulator/QuakeSignalWatch.build/ssu --bundle-id com.quakesignal.app.watchkitapp --product-path <ARTIFACT_ROOT>/build/Products/Debug-iphonesimulator/QuakeSignalWatch.app --extracted-metadata-path <ARTIFACT_ROOT>/build/Products/Debug-iphonesimulator/QuakeSignalWatch.app/Metadata.appintents --metadata-file-list <ARTIFACT_ROOT>/build/Intermediates/QuakeSignal.build/Debug-iphonesimulator/QuakeSignalWatch.build/QuakeSignalWatch.DependencyMetadataFileList --source-file <ARTIFACT_ROOT>/build/Products/Debug-iphonesimulator/QuakeSignalWatch.app/Info.plist --archive-ssu-assets
2026-08-20 06:29:54.783 appintentsnltrainingprocessor[66081:3875247] Parsing options for appintentsnltrainingprocessor
2026-08-20 06:29:54.784 appintentsnltrainingprocessor[66081:3875247] Starting AppIntents SSU YAML Generation
2026-08-20 06:29:54.786 appintentsnltrainingprocessor[66081:3875247] No AppShortcuts found - Skipping.

RegisterExecutionPolicyException <ARTIFACT_ROOT>/build/Products/Debug-iphonesimulator/QuakeSignalWatch.app (in target 'QuakeSignalWatch' from project 'QuakeSignal')
    cd <SOURCE_ROOT>/ios
    builtin-RegisterExecutionPolicyException <ARTIFACT_ROOT>/build/Products/Debug-iphonesimulator/QuakeSignalWatch.app

Validate <ARTIFACT_ROOT>/build/Products/Debug-iphonesimulator/QuakeSignalWatch.app (in target 'QuakeSignalWatch' from project 'QuakeSignal')
    cd <SOURCE_ROOT>/ios
    builtin-validationUtility <ARTIFACT_ROOT>/build/Products/Debug-iphonesimulator/QuakeSignalWatch.app -shallow-bundle -infoplist-subpath Info.plist

Touch <ARTIFACT_ROOT>/build/Products/Debug-iphonesimulator/QuakeSignalWatch.app (in target 'QuakeSignalWatch' from project 'QuakeSignal')
    cd <SOURCE_ROOT>/ios
    /usr/bin/touch -c <ARTIFACT_ROOT>/build/Products/Debug-iphonesimulator/QuakeSignalWatch.app

CpResource <ARTIFACT_ROOT>/build/Products/Debug-iphonesimulator/QuakeSignal.app/quakesignal_urgent.caf <SOURCE_ROOT>/ios/QuakeSignal/Resources/Audio/quakesignal_urgent.caf (in target 'QuakeSignal' from project 'QuakeSignal')
    cd <SOURCE_ROOT>/ios
    builtin-copy -exclude .DS_Store -exclude CVS -exclude .svn -exclude .git -exclude .hg -resolve-src-symlinks <SOURCE_ROOT>/ios/QuakeSignal/Resources/Audio/quakesignal_urgent.caf <ARTIFACT_ROOT>/build/Products/Debug-iphonesimulator/QuakeSignal.app

CpResource <ARTIFACT_ROOT>/build/Products/Debug-iphonesimulator/QuakeSignal.app/quakesignal_japanese_voice.caf <SOURCE_ROOT>/ios/QuakeSignal/Resources/Audio/quakesignal_japanese_voice.caf (in target 'QuakeSignal' from project 'QuakeSignal')
    cd <SOURCE_ROOT>/ios
    builtin-copy -exclude .DS_Store -exclude CVS -exclude .svn -exclude .git -exclude .hg -resolve-src-symlinks <SOURCE_ROOT>/ios/QuakeSignal/Resources/Audio/quakesignal_japanese_voice.caf <ARTIFACT_ROOT>/build/Products/Debug-iphonesimulator/QuakeSignal.app

CpResource <ARTIFACT_ROOT>/build/Products/Debug-iphonesimulator/QuakeSignal.app/ATTRIBUTION.md <SOURCE_ROOT>/ios/QuakeSignal/Resources/Audio/ATTRIBUTION.md (in target 'QuakeSignal' from project 'QuakeSignal')
    cd <SOURCE_ROOT>/ios
    builtin-copy -exclude .DS_Store -exclude CVS -exclude .svn -exclude .git -exclude .hg -resolve-src-symlinks <SOURCE_ROOT>/ios/QuakeSignal/Resources/Audio/ATTRIBUTION.md <ARTIFACT_ROOT>/build/Products/Debug-iphonesimulator/QuakeSignal.app

CpResource <ARTIFACT_ROOT>/build/Products/Debug-iphonesimulator/QuakeSignal.app/PrivacyInfo.xcprivacy <SOURCE_ROOT>/ios/QuakeSignal/Resources/PrivacyInfo.xcprivacy (in target 'QuakeSignal' from project 'QuakeSignal')
    cd <SOURCE_ROOT>/ios
    builtin-copy -exclude .DS_Store -exclude CVS -exclude .svn -exclude .git -exclude .hg -resolve-src-symlinks <SOURCE_ROOT>/ios/QuakeSignal/Resources/PrivacyInfo.xcprivacy <ARTIFACT_ROOT>/build/Products/Debug-iphonesimulator/QuakeSignal.app

CopyStringsFile <ARTIFACT_ROOT>/build/Products/Debug-iphonesimulator/QuakeSignal.app/zh-Hans.lproj/InfoPlist.strings <SOURCE_ROOT>/ios/QuakeSignal/Resources/zh-Hans.lproj/InfoPlist.strings (in target 'QuakeSignal' from project 'QuakeSignal')
    cd <SOURCE_ROOT>/ios
    builtin-copyStrings --validate --outputencoding binary --outfilename InfoPlist.strings --outdir <ARTIFACT_ROOT>/build/Products/Debug-iphonesimulator/QuakeSignal.app/zh-Hans.lproj -- <SOURCE_ROOT>/ios/QuakeSignal/Resources/zh-Hans.lproj/InfoPlist.strings
<SOURCE_ROOT>/ios/QuakeSignal/Resources/zh-Hans.lproj/InfoPlist.strings:1:1: note: detected encoding of input file as Unicode (UTF-8) (in target 'QuakeSignal' from project 'QuakeSignal')

Ld <ARTIFACT_ROOT>/build/Intermediates/QuakeSignal.build/Debug-iphonesimulator/QuakeSignal.build/Objects-normal/x86_64/Binary/QuakeSignal normal x86_64 (in target 'QuakeSignal' from project 'QuakeSignal')
    cd <SOURCE_ROOT>/ios
    <XCODE_APP>/Contents/Developer/Toolchains/XcodeDefault.xctoolchain/usr/bin/clang -Xlinker -reproducible -target x86_64-apple-ios17.0-simulator -isysroot <XCODE_APP>/Contents/Developer/Platforms/iPhoneSimulator.platform/Developer/SDKs/iPhoneSimulator26.5.sdk -O0 -L<ARTIFACT_ROOT>/build/Intermediates/EagerLinkingTBDs/Debug-iphonesimulator -L<ARTIFACT_ROOT>/build/Products/Debug-iphonesimulator -F<ARTIFACT_ROOT>/build/Intermediates/EagerLinkingTBDs/Debug-iphonesimulator -F<ARTIFACT_ROOT>/build/Products/Debug-iphonesimulator -filelist <ARTIFACT_ROOT>/build/Intermediates/QuakeSignal.build/Debug-iphonesimulator/QuakeSignal.build/Objects-normal/x86_64/QuakeSignal.LinkFileList -Xlinker -rpath -Xlinker /usr/lib/swift -Xlinker -rpath -Xlinker @executable_path/Frameworks -Xlinker -dead_strip -Xlinker -object_path_lto -Xlinker <ARTIFACT_ROOT>/build/Intermediates/QuakeSignal.build/Debug-iphonesimulator/QuakeSignal.build/Objects-normal/x86_64/QuakeSignal_lto.o -rdynamic -Xlinker -no_deduplicate -Xlinker -objc_abi_version -Xlinker 2 -Xlinker -dependency_info -Xlinker <ARTIFACT_ROOT>/build/Intermediates/QuakeSignal.build/Debug-iphonesimulator/QuakeSignal.build/Objects-normal/x86_64/QuakeSignal_dependency_info.dat -fobjc-link-runtime -L<XCODE_APP>/Contents/Developer/Toolchains/XcodeDefault.xctoolchain/usr/lib/swift/iphonesimulator -L/usr/lib/swift -Xlinker -add_ast_path -Xlinker <ARTIFACT_ROOT>/build/Intermediates/QuakeSignal.build/Debug-iphonesimulator/QuakeSignal.build/Objects-normal/x86_64/QuakeSignal.swiftmodule @<ARTIFACT_ROOT>/build/Intermediates/QuakeSignal.build/Debug-iphonesimulator/QuakeSignal.build/Objects-normal/x86_64/QuakeSignal-linker-args.resp -o <ARTIFACT_ROOT>/build/Intermediates/QuakeSignal.build/Debug-iphonesimulator/QuakeSignal.build/Objects-normal/x86_64/Binary/QuakeSignal

CopyStringsFile <ARTIFACT_ROOT>/build/Products/Debug-iphonesimulator/QuakeSignal.app/ja.lproj/Localizable.strings <SOURCE_ROOT>/ios/QuakeSignal/Resources/ja.lproj/Localizable.strings (in target 'QuakeSignal' from project 'QuakeSignal')
    cd <SOURCE_ROOT>/ios
    builtin-copyStrings --validate --outputencoding binary --outfilename Localizable.strings --outdir <ARTIFACT_ROOT>/build/Products/Debug-iphonesimulator/QuakeSignal.app/ja.lproj -- <SOURCE_ROOT>/ios/QuakeSignal/Resources/ja.lproj/Localizable.strings
<SOURCE_ROOT>/ios/QuakeSignal/Resources/ja.lproj/Localizable.strings:1:1: note: detected encoding of input file as Unicode (UTF-8) (in target 'QuakeSignal' from project 'QuakeSignal')

CopyStringsFile <ARTIFACT_ROOT>/build/Products/Debug-iphonesimulator/QuakeSignal.app/zh-Hans.lproj/Localizable.strings <SOURCE_ROOT>/ios/QuakeSignal/Resources/zh-Hans.lproj/Localizable.strings (in target 'QuakeSignal' from project 'QuakeSignal')
    cd <SOURCE_ROOT>/ios
    builtin-copyStrings --validate --outputencoding binary --outfilename Localizable.strings --outdir <ARTIFACT_ROOT>/build/Products/Debug-iphonesimulator/QuakeSignal.app/zh-Hans.lproj -- <SOURCE_ROOT>/ios/QuakeSignal/Resources/zh-Hans.lproj/Localizable.strings
<SOURCE_ROOT>/ios/QuakeSignal/Resources/zh-Hans.lproj/Localizable.strings:1:1: note: detected encoding of input file as Unicode (UTF-8) (in target 'QuakeSignal' from project 'QuakeSignal')

CopyStringsFile <ARTIFACT_ROOT>/build/Products/Debug-iphonesimulator/QuakeSignal.app/ja.lproj/InfoPlist.strings <SOURCE_ROOT>/ios/QuakeSignal/Resources/ja.lproj/InfoPlist.strings (in target 'QuakeSignal' from project 'QuakeSignal')
    cd <SOURCE_ROOT>/ios
    builtin-copyStrings --validate --outputencoding binary --outfilename InfoPlist.strings --outdir <ARTIFACT_ROOT>/build/Products/Debug-iphonesimulator/QuakeSignal.app/ja.lproj -- <SOURCE_ROOT>/ios/QuakeSignal/Resources/ja.lproj/InfoPlist.strings
<SOURCE_ROOT>/ios/QuakeSignal/Resources/ja.lproj/InfoPlist.strings:1:1: note: detected encoding of input file as Unicode (UTF-8) (in target 'QuakeSignal' from project 'QuakeSignal')

Ld <ARTIFACT_ROOT>/build/Intermediates/QuakeSignal.build/Debug-iphonesimulator/QuakeSignal.build/Objects-normal/arm64/Binary/QuakeSignal normal arm64 (in target 'QuakeSignal' from project 'QuakeSignal')
    cd <SOURCE_ROOT>/ios
    <XCODE_APP>/Contents/Developer/Toolchains/XcodeDefault.xctoolchain/usr/bin/clang -Xlinker -reproducible -target arm64-apple-ios17.0-simulator -isysroot <XCODE_APP>/Contents/Developer/Platforms/iPhoneSimulator.platform/Developer/SDKs/iPhoneSimulator26.5.sdk -O0 -L<ARTIFACT_ROOT>/build/Intermediates/EagerLinkingTBDs/Debug-iphonesimulator -L<ARTIFACT_ROOT>/build/Products/Debug-iphonesimulator -F<ARTIFACT_ROOT>/build/Intermediates/EagerLinkingTBDs/Debug-iphonesimulator -F<ARTIFACT_ROOT>/build/Products/Debug-iphonesimulator -filelist <ARTIFACT_ROOT>/build/Intermediates/QuakeSignal.build/Debug-iphonesimulator/QuakeSignal.build/Objects-normal/arm64/QuakeSignal.LinkFileList -Xlinker -rpath -Xlinker /usr/lib/swift -Xlinker -rpath -Xlinker @executable_path/Frameworks -Xlinker -dead_strip -Xlinker -object_path_lto -Xlinker <ARTIFACT_ROOT>/build/Intermediates/QuakeSignal.build/Debug-iphonesimulator/QuakeSignal.build/Objects-normal/arm64/QuakeSignal_lto.o -rdynamic -Xlinker -no_deduplicate -Xlinker -objc_abi_version -Xlinker 2 -Xlinker -dependency_info -Xlinker <ARTIFACT_ROOT>/build/Intermediates/QuakeSignal.build/Debug-iphonesimulator/QuakeSignal.build/Objects-normal/arm64/QuakeSignal_dependency_info.dat -fobjc-link-runtime -L<XCODE_APP>/Contents/Developer/Toolchains/XcodeDefault.xctoolchain/usr/lib/swift/iphonesimulator -L/usr/lib/swift -Xlinker -add_ast_path -Xlinker <ARTIFACT_ROOT>/build/Intermediates/QuakeSignal.build/Debug-iphonesimulator/QuakeSignal.build/Objects-normal/arm64/QuakeSignal.swiftmodule @<ARTIFACT_ROOT>/build/Intermediates/QuakeSignal.build/Debug-iphonesimulator/QuakeSignal.build/Objects-normal/arm64/QuakeSignal-linker-args.resp -o <ARTIFACT_ROOT>/build/Intermediates/QuakeSignal.build/Debug-iphonesimulator/QuakeSignal.build/Objects-normal/arm64/Binary/QuakeSignal

CopyStringsFile <ARTIFACT_ROOT>/build/Products/Debug-iphonesimulator/QuakeSignal.app/en.lproj/Localizable.strings <SOURCE_ROOT>/ios/QuakeSignal/Resources/en.lproj/Localizable.strings (in target 'QuakeSignal' from project 'QuakeSignal')
    cd <SOURCE_ROOT>/ios
    builtin-copyStrings --validate --outputencoding binary --outfilename Localizable.strings --outdir <ARTIFACT_ROOT>/build/Products/Debug-iphonesimulator/QuakeSignal.app/en.lproj -- <SOURCE_ROOT>/ios/QuakeSignal/Resources/en.lproj/Localizable.strings
<SOURCE_ROOT>/ios/QuakeSignal/Resources/en.lproj/Localizable.strings:1:1: note: detected encoding of input file as Unicode (UTF-8) (in target 'QuakeSignal' from project 'QuakeSignal')

CopyStringsFile <ARTIFACT_ROOT>/build/Products/Debug-iphonesimulator/QuakeSignal.app/en.lproj/InfoPlist.strings <SOURCE_ROOT>/ios/QuakeSignal/Resources/en.lproj/InfoPlist.strings (in target 'QuakeSignal' from project 'QuakeSignal')
    cd <SOURCE_ROOT>/ios
    builtin-copyStrings --validate --outputencoding binary --outfilename InfoPlist.strings --outdir <ARTIFACT_ROOT>/build/Products/Debug-iphonesimulator/QuakeSignal.app/en.lproj -- <SOURCE_ROOT>/ios/QuakeSignal/Resources/en.lproj/InfoPlist.strings
<SOURCE_ROOT>/ios/QuakeSignal/Resources/en.lproj/InfoPlist.strings:1:1: note: detected encoding of input file as Unicode (UTF-8) (in target 'QuakeSignal' from project 'QuakeSignal')

CreateUniversalBinary <ARTIFACT_ROOT>/build/Products/Debug-iphonesimulator/QuakeSignal.app/QuakeSignal normal arm64\ x86_64 (in target 'QuakeSignal' from project 'QuakeSignal')
    cd <SOURCE_ROOT>/ios
    <XCODE_APP>/Contents/Developer/Toolchains/XcodeDefault.xctoolchain/usr/bin/lipo -create <ARTIFACT_ROOT>/build/Intermediates/QuakeSignal.build/Debug-iphonesimulator/QuakeSignal.build/Objects-normal/arm64/Binary/QuakeSignal <ARTIFACT_ROOT>/build/Intermediates/QuakeSignal.build/Debug-iphonesimulator/QuakeSignal.build/Objects-normal/x86_64/Binary/QuakeSignal -output <ARTIFACT_ROOT>/build/Products/Debug-iphonesimulator/QuakeSignal.app/QuakeSignal

Copy <ARTIFACT_ROOT>/build/Products/Debug-iphonesimulator/QuakeSignal.app/Watch/QuakeSignalWatch.app <ARTIFACT_ROOT>/build/Products/Debug-iphonesimulator/QuakeSignalWatch.app (in target 'QuakeSignal' from project 'QuakeSignal')
    cd <SOURCE_ROOT>/ios
    builtin-copy -exclude .DS_Store -exclude CVS -exclude .svn -exclude .git -exclude .hg -exclude Headers -exclude PrivateHeaders -exclude Modules -exclude \*.tbd -resolve-src-symlinks -remove-static-executable <ARTIFACT_ROOT>/build/Products/Debug-iphonesimulator/QuakeSignalWatch.app <ARTIFACT_ROOT>/build/Products/Debug-iphonesimulator/QuakeSignal.app/Watch

ProcessInfoPlistFile <ARTIFACT_ROOT>/build/Products/Debug-iphonesimulator/QuakeSignal.app/Info.plist <SOURCE_ROOT>/ios/QuakeSignal/Supporting/Info.plist (in target 'QuakeSignal' from project 'QuakeSignal')
    cd <SOURCE_ROOT>/ios
    builtin-infoPlistUtility <SOURCE_ROOT>/ios/QuakeSignal/Supporting/Info.plist -producttype com.apple.product-type.application -genpkginfo <ARTIFACT_ROOT>/build/Products/Debug-iphonesimulator/QuakeSignal.app/PkgInfo -expandbuildsettings -format binary -platform iphonesimulator -additionalcontentfile <ARTIFACT_ROOT>/build/Intermediates/QuakeSignal.build/Debug-iphonesimulator/QuakeSignal.build/assetcatalog_generated_info.plist -scanforprivacyfile <ARTIFACT_ROOT>/build/Products/Debug-iphonesimulator/QuakeSignal.app/Watch/QuakeSignalWatch.app -o <ARTIFACT_ROOT>/build/Products/Debug-iphonesimulator/QuakeSignal.app/Info.plist

CopySwiftLibs <ARTIFACT_ROOT>/build/Products/Debug-iphonesimulator/QuakeSignal.app (in target 'QuakeSignal' from project 'QuakeSignal')
    cd <SOURCE_ROOT>/ios
    builtin-swiftStdLibTool --copy --verbose --scan-executable <ARTIFACT_ROOT>/build/Products/Debug-iphonesimulator/QuakeSignal.app/QuakeSignal --scan-folder <ARTIFACT_ROOT>/build/Products/Debug-iphonesimulator/QuakeSignal.app/Frameworks --scan-folder <ARTIFACT_ROOT>/build/Products/Debug-iphonesimulator/QuakeSignal.app/PlugIns --scan-folder <ARTIFACT_ROOT>/build/Products/Debug-iphonesimulator/QuakeSignal.app/SystemExtensions --scan-folder <ARTIFACT_ROOT>/build/Products/Debug-iphonesimulator/QuakeSignal.app/Extensions --platform iphonesimulator --toolchain <XCODE_APP>/Contents/Developer/Toolchains/XcodeDefault.xctoolchain --destination <ARTIFACT_ROOT>/build/Products/Debug-iphonesimulator/QuakeSignal.app/Frameworks --strip-bitcode --strip-bitcode-tool <XCODE_APP>/Contents/Developer/Toolchains/XcodeDefault.xctoolchain/usr/bin/bitcode_strip --emit-dependency-info <ARTIFACT_ROOT>/build/Intermediates/QuakeSignal.build/Debug-iphonesimulator/QuakeSignal.build/SwiftStdLibToolInputDependencies.dep --filter-for-swift-os --back-deploy-swift-span
Ignoring --strip-bitcode because --sign was not passed

ExtractAppIntentsMetadata (in target 'QuakeSignal' from project 'QuakeSignal')
    cd <SOURCE_ROOT>/ios
    <XCODE_APP>/Contents/Developer/Toolchains/XcodeDefault.xctoolchain/usr/bin/appintentsmetadataprocessor --toolchain-dir <XCODE_APP>/Contents/Developer/Toolchains/XcodeDefault.xctoolchain --module-name QuakeSignal --sdk-root <XCODE_APP>/Contents/Developer/Platforms/iPhoneSimulator.platform/Developer/SDKs/iPhoneSimulator26.5.sdk --xcode-version 17F113 --platform-family iOS --deployment-target 17.0 --bundle-identifier com.quakesignal.app --output <ARTIFACT_ROOT>/build/Products/Debug-iphonesimulator/QuakeSignal.app --target-triple arm64-apple-ios17.0-simulator --target-triple x86_64-apple-ios17.0-simulator --binary-file <ARTIFACT_ROOT>/build/Products/Debug-iphonesimulator/QuakeSignal.app/QuakeSignal --dependency-file <ARTIFACT_ROOT>/build/Intermediates/QuakeSignal.build/Debug-iphonesimulator/QuakeSignal.build/Objects-normal/arm64/QuakeSignal_dependency_info.dat --dependency-file <ARTIFACT_ROOT>/build/Intermediates/QuakeSignal.build/Debug-iphonesimulator/QuakeSignal.build/Objects-normal/x86_64/QuakeSignal_dependency_info.dat --stringsdata-file <ARTIFACT_ROOT>/build/Intermediates/QuakeSignal.build/Debug-iphonesimulator/QuakeSignal.build/Objects-normal/arm64/ExtractedAppShortcutsMetadata.stringsdata --stringsdata-file <ARTIFACT_ROOT>/build/Intermediates/QuakeSignal.build/Debug-iphonesimulator/QuakeSignal.build/Objects-normal/x86_64/ExtractedAppShortcutsMetadata.stringsdata --source-file-list <ARTIFACT_ROOT>/build/Intermediates/QuakeSignal.build/Debug-iphonesimulator/QuakeSignal.build/Objects-normal/arm64/QuakeSignal.SwiftFileList --source-file-list <ARTIFACT_ROOT>/build/Intermediates/QuakeSignal.build/Debug-iphonesimulator/QuakeSignal.build/Objects-normal/x86_64/QuakeSignal.SwiftFileList --metadata-file-list <ARTIFACT_ROOT>/build/Intermediates/QuakeSignal.build/Debug-iphonesimulator/QuakeSignal.build/QuakeSignal.DependencyMetadataFileList --static-metadata-file-list <ARTIFACT_ROOT>/build/Intermediates/QuakeSignal.build/Debug-iphonesimulator/QuakeSignal.build/QuakeSignal.DependencyStaticMetadataFileList --swift-const-vals-list <ARTIFACT_ROOT>/build/Intermediates/QuakeSignal.build/Debug-iphonesimulator/QuakeSignal.build/Objects-normal/arm64/QuakeSignal.SwiftConstValuesFileList --swift-const-vals-list <ARTIFACT_ROOT>/build/Intermediates/QuakeSignal.build/Debug-iphonesimulator/QuakeSignal.build/Objects-normal/x86_64/QuakeSignal.SwiftConstValuesFileList --compile-time-extraction --deployment-aware-processing --validate-assistant-intents --no-app-shortcuts-localization
2026-08-20 06:29:55.060 appintentsmetadataprocessor[66088:3875294] Starting appintentsmetadataprocessor export
2026-08-20 06:29:55.061 appintentsmetadataprocessor[66088:3875294] warning: Metadata extraction skipped. No AppIntents.framework dependency found.

ValidateEmbeddedBinary <ARTIFACT_ROOT>/build/Products/Debug-iphonesimulator/QuakeSignal.app/Watch/QuakeSignalWatch.app (in target 'QuakeSignal' from project 'QuakeSignal')
    cd <SOURCE_ROOT>/ios
    <XCODE_APP>/Contents/Developer/usr/bin/embeddedBinaryValidationUtility <ARTIFACT_ROOT>/build/Products/Debug-iphonesimulator/QuakeSignal.app/Watch/QuakeSignalWatch.app -info-plist-path <ARTIFACT_ROOT>/build/Products/Debug-iphonesimulator/QuakeSignal.app/Info.plist

AppIntentsSSUTraining (in target 'QuakeSignal' from project 'QuakeSignal')
    cd <SOURCE_ROOT>/ios
    <XCODE_APP>/Contents/Developer/Toolchains/XcodeDefault.xctoolchain/usr/bin/appintentsnltrainingprocessor --infoplist-path <ARTIFACT_ROOT>/build/Products/Debug-iphonesimulator/QuakeSignal.app/Info.plist --temp-dir-path <ARTIFACT_ROOT>/build/Intermediates/QuakeSignal.build/Debug-iphonesimulator/QuakeSignal.build/ssu --bundle-id com.quakesignal.app --product-path <ARTIFACT_ROOT>/build/Products/Debug-iphonesimulator/QuakeSignal.app --extracted-metadata-path <ARTIFACT_ROOT>/build/Products/Debug-iphonesimulator/QuakeSignal.app/Metadata.appintents --metadata-file-list <ARTIFACT_ROOT>/build/Intermediates/QuakeSignal.build/Debug-iphonesimulator/QuakeSignal.build/QuakeSignal.DependencyMetadataFileList --source-file <ARTIFACT_ROOT>/build/Products/Debug-iphonesimulator/QuakeSignal.app/Info.plist --archive-ssu-assets
2026-08-20 06:29:55.073 appintentsnltrainingprocessor[66090:3875296] Parsing options for appintentsnltrainingprocessor
2026-08-20 06:29:55.073 appintentsnltrainingprocessor[66090:3875296] Starting AppIntents SSU YAML Generation
2026-08-20 06:29:55.073 appintentsnltrainingprocessor[66090:3875296] No AppShortcuts found - Skipping.

RegisterExecutionPolicyException <ARTIFACT_ROOT>/build/Products/Debug-iphonesimulator/QuakeSignal.app (in target 'QuakeSignal' from project 'QuakeSignal')
    cd <SOURCE_ROOT>/ios
    builtin-RegisterExecutionPolicyException <ARTIFACT_ROOT>/build/Products/Debug-iphonesimulator/QuakeSignal.app

Validate <ARTIFACT_ROOT>/build/Products/Debug-iphonesimulator/QuakeSignal.app (in target 'QuakeSignal' from project 'QuakeSignal')
    cd <SOURCE_ROOT>/ios
    builtin-validationUtility <ARTIFACT_ROOT>/build/Products/Debug-iphonesimulator/QuakeSignal.app -shallow-bundle -infoplist-subpath Info.plist

Touch <ARTIFACT_ROOT>/build/Products/Debug-iphonesimulator/QuakeSignal.app (in target 'QuakeSignal' from project 'QuakeSignal')
    cd <SOURCE_ROOT>/ios
    /usr/bin/touch -c <ARTIFACT_ROOT>/build/Products/Debug-iphonesimulator/QuakeSignal.app

warning: ONLY_ACTIVE_ARCH=YES requested with multiple ARCHS and no active architecture could be computed; building for all applicable architectures (in target 'QuakeSignal' from project 'QuakeSignal')
warning: ONLY_ACTIVE_ARCH=YES requested with multiple ARCHS and no active architecture could be computed; building for all applicable architectures (in target 'QuakeSignalWatch' from project 'QuakeSignal')
** BUILD SUCCEEDED **
